Date,BIV,BSV,VB,VV,VXUS
1/2/2015 16:00,84.87,79.95,116.28,94.31,48.21
1/5/2015 16:00,85.19,80.02,114.49,92.69,47.15
1/6/2015 16:00,85.57,80.09,113.03,91.79,46.79
1/7/2015 16:00,85.6,80.16,114.39,92.83,47.34
1/8/2015 16:00,85.44,80.17,116.21,94.58,47.94
1/9/2015 16:00,85.72,80.25,115.23,93.79,47.74
1/12/2015 16:00,85.95,80.27,114.69,93.05,47.55
1/13/2015 16:00,86.12,80.35,114.67,92.84,47.8
1/14/2015 16:00,86.34,80.48,114.25,92.29,47.6
1/15/2015 16:00,86.78,80.64,112.52,91.44,47.94
1/16/2015 16:00,86.35,80.58,114.28,92.58,48.41
1/20/2015 16:00,86.45,80.5,113.76,92.8,48.47
1/21/2015 16:00,86.21,80.41,113.99,93.31,48.93
1/22/2015 16:00,86.05,80.39,116.09,94.69,49.26
1/23/2015 16:00,86.47,80.44,115.88,94.17,48.92
1/26/2015 16:00,86.37,80.41,117.03,94.49,49.44
1/27/2015 16:00,86.47,80.45,116.4,93.3,49.39
1/28/2015 16:00,86.95,80.53,114.71,92.05,48.75
1/29/2015 16:00,86.78,80.51,115.92,92.86,49.22
1/30/2015 16:00,87.29,80.71,114.16,91.6,48.47
2/2/2015 16:00,87.09,80.56,115.12,92.8,49.19
2/3/2015 16:00,86.64,80.46,117.28,94.16,49.95
2/4/2015 16:00,86.71,80.5,116.77,93.79,49.55
2/5/2015 16:00,86.56,80.49,118.22,94.78,50.12
2/6/2015 16:00,85.8,80.18,117.9,94.56,49.44
2/9/2015 16:00,85.67,80.16,117.19,94.14,49.33
2/10/2015 16:00,85.59,80.09,117.94,95.15,49.58
2/11/2015 16:00,85.57,80.09,117.88,95.15,49.34
2/12/2015 16:00,85.67,80.14,119.23,96.07,50.14
2/13/2015 16:00,85.53,80.11,119.86,96.51,50.47
2/17/2015 16:00,85.06,80.04,120.07,96.63,50.63
2/18/2015 16:00,85.44,80.16,120.41,96.69,50.83
2/19/2015 16:00,85.26,80.11,120.35,96.63,50.77
2/20/2015 16:00,85.19,80.11,121.01,97.21,51.15
2/23/2015 16:00,85.44,80.15,120.98,97.15,50.94
2/24/2015 16:00,85.94,80.31,121.11,97.44,51.26
2/25/2015 16:00,86.14,80.3,121.21,97.38,51.37
2/26/2015 16:00,85.62,80.19,121.25,97.24,51.28
2/27/2015 16:00,85.87,80.24,120.78,96.92,51.27
3/2/2015 16:00,85.27,80.08,121.65,97.51,51.27
3/3/2015 16:00,85.11,79.98,121.04,97.15,51.01
3/4/2015 16:00,85.1,80.02,120.57,96.71,50.76
3/5/2015 16:00,85.22,80.1,120.74,96.89,50.79
3/6/2015 16:00,84.58,79.91,119.2,95.49,50.09
3/9/2015 16:00,84.76,79.98,119.56,95.91,50.12
3/10/2015 16:00,84.94,80.04,118.17,94.34,49.07
3/11/2015 16:00,85.12,80.06,118.86,94.17,49.2
3/12/2015 16:00,85.24,80.14,120.51,95.36,49.74
3/13/2015 16:00,85.05,80.13,119.88,94.81,49.4
3/16/2015 16:00,85.21,80.11,120.9,96.01,49.92
3/17/2015 16:00,85.29,80.09,121.23,95.75,49.9
3/18/2015 16:00,86.05,80.4,122.41,96.95,50.96
3/19/2015 16:00,85.7,80.25,122.29,96.52,50.34
3/20/2015 16:00,86.05,80.4,123.44,97.4,51.33
3/23/2015 16:00,86.19,80.41,123.26,97.19,51.57
3/24/2015 16:00,86.36,80.41,122.95,96.58,51.59
3/25/2015 16:00,86.14,80.38,120.53,94.79,50.92
3/26/2015 16:00,85.84,80.35,120.27,94.51,50.63
3/27/2015 16:00,86.05,80.41,120.96,94.81,50.67
3/30/2015 16:00,86.07,80.44,122.57,95.95,50.88
3/31/2015 16:00,86.21,80.52,122.56,95.2,50.35
4/1/2015 16:00,86.4,80.46,121.96,94.77,50.75
4/2/2015 16:00,86.27,80.48,122.37,95.2,51.21
4/6/2015 16:00,86.38,80.61,123.14,95.77,51.79
4/7/2015 16:00,86.46,80.55,122.31,95.55,51.76
4/8/2015 16:00,86.4,80.49,123.11,95.87,52.14
4/9/2015 16:00,86.13,80.41,122.84,96.28,52.34
4/10/2015 16:00,86.1,80.41,123.28,96.76,52.4
4/13/2015 16:00,86.14,80.46,123.11,96.37,52.11
4/14/2015 16:00,86.34,80.48,123.2,96.49,52.51
4/15/2015 16:00,86.44,80.55,124.02,96.97,52.82
4/16/2015 16:00,86.52,80.57,123.82,96.92,53.02
4/17/2015 16:00,86.55,80.56,122.12,95.82,52.31
4/20/2015 16:00,86.51,80.52,123.1,96.65,52.34
4/21/2015 16:00,86.44,80.52,123.04,96.56,52.73
4/22/2015 16:00,86.08,80.41,123.3,97.06,52.88
4/23/2015 16:00,86.28,80.48,123.99,97.3,53.15
4/24/2015 16:00,86.47,80.53,123.64,97.46,53.38
4/27/2015 16:00,86.42,80.51,122.5,97.05,53.66
4/28/2015 16:00,86.06,80.45,122.97,97.27,53.72
4/29/2015 16:00,85.76,80.43,122.09,96.87,53.31
4/30/2015 16:00,85.77,80.37,120.06,95.9,52.77
5/1/2015 16:00,85.25,80.21,121.01,96.92,53.18
5/4/2015 16:00,85.18,80.22,121.5,97.22,53.28
5/5/2015 16:00,85.01,80.24,119.82,96.07,52.55
5/6/2015 16:00,84.78,80.17,119.96,95.72,52.52
5/7/2015 16:00,84.91,80.22,120.45,96.1,52.31
5/8/2015 16:00,85.3,80.34,121.51,97.36,53.34
5/11/2015 16:00,84.63,80.22,121.5,96.92,52.91
5/12/2015 16:00,84.63,80.21,121.33,96.61,52.87
5/13/2015 16:00,84.55,80.26,121.44,96.62,53.16
5/14/2015 16:00,84.83,80.34,122.54,97.62,53.79
5/15/2015 16:00,85.26,80.42,122.65,97.73,53.94
5/18/2015 16:00,84.91,80.34,123.75,98.06,53.68
5/19/2015 16:00,84.6,80.2,123.53,97.99,53.53
5/20/2015 16:00,84.68,80.27,123.65,97.93,53.6
5/21/2015 16:00,84.94,80.31,123.65,98.16,53.82
5/22/2015 16:00,84.88,80.27,123.45,98.01,53.57
5/26/2015 16:00,85.15,80.3,122.24,97.01,52.66
5/27/2015 16:00,85.17,80.32,123.38,97.85,53.06
5/28/2015 16:00,85.21,80.36,123.25,97.76,52.81
5/29/2015 16:00,85.21,80.38,122.48,97.16,52.29
6/1/2015 16:00,84.76,80.21,122.78,97.36,52.13
6/2/2015 16:00,84.34,80.16,122.93,97.27,52.42
6/3/2015 16:00,83.84,80.07,123.66,97.51,52.59
6/4/2015 16:00,84.1,80.11,122.5,96.72,51.97
6/5/2015 16:00,83.62,79.97,122.99,96.57,51.52
6/8/2015 16:00,83.78,80.01,122.28,95.97,51.41
6/9/2015 16:00,83.51,79.97,121.99,95.95,51.17
6/10/2015 16:00,83.22,79.92,123.38,97.08,52.12
6/11/2015 16:00,83.71,80,123.82,97.31,52.19
6/12/2015 16:00,83.74,79.97,123.28,96.67,51.85
6/15/2015 16:00,83.82,80,122.9,96.24,51.5
6/16/2015 16:00,83.97,80.05,123.57,96.77,51.51
6/17/2015 16:00,84.02,80.1,123.54,96.95,51.47
6/18/2015 16:00,83.99,80.14,124.81,97.95,51.94
6/19/2015 16:00,84.38,80.18,124.73,97.39,51.7
6/22/2015 16:00,83.89,80.07,125.24,98.01,52.59
6/23/2015 16:00,83.65,80.06,125.51,98.11,52.8
6/24/2015 16:00,83.82,80.07,124.3,97.36,52.39
6/25/2015 16:00,83.62,80.03,124.03,97.05,52.33
6/26/2015 16:00,83.34,79.98,123.87,96.62,51.74
6/29/2015 16:00,83.94,80.2,121.03,94.59,50.31
6/30/2015 16:00,83.87,80.19,121.47,94.82,50.33
7/1/2015 16:00,83.46,79.95,121.83,95.51,50.58
7/2/2015 16:00,83.71,80.09,121.37,95.47,50.7
7/6/2015 16:00,84.05,80.17,121.07,95.15,49.63
7/7/2015 16:00,84.2,80.18,121.63,95.76,49.48
7/8/2015 16:00,84.42,80.3,119.59,94.15,48.17
7/9/2015 16:00,84.04,80.23,119.98,94.36,48.92
7/10/2015 16:00,83.63,80.09,121.34,95.51,50.27
7/13/2015 16:00,83.45,80.01,122.47,96.56,50.49
7/14/2015 16:00,83.62,80.09,123.14,97.02,50.83
7/15/2015 16:00,83.84,80.15,122.44,96.93,50.53
7/16/2015 16:00,83.88,80.13,123.1,97.67,50.91
7/17/2015 16:00,83.81,80.09,122.39,97.76,50.81
7/20/2015 16:00,83.68,80.02,121.99,97.83,50.86
7/21/2015 16:00,83.9,80.04,121.4,97.4,50.77
7/22/2015 16:00,83.93,80.01,121.64,97.19,50.32
7/23/2015 16:00,84.08,80.07,120.67,96.67,50.14
7/24/2015 16:00,84.1,80.11,119.27,95.66,49.51
7/27/2015 16:00,84.28,80.19,118.2,95.07,49.1
7/28/2015 16:00,84.09,80.17,119.39,96.24,49.67
7/29/2015 16:00,84.05,80.11,120.43,96.92,49.86
7/30/2015 16:00,84.07,80.12,120.66,96.97,49.78
7/31/2015 16:00,84.46,80.22,121.12,96.81,50.05
8/3/2015 16:00,84.41,80.21,120.55,96.5,49.78
8/4/2015 16:00,84.04,80.03,120.34,96.32,49.81
8/5/2015 16:00,83.82,79.96,120.73,96.66,50.1
8/6/2015 16:00,83.99,80.01,119.42,95.88,49.84
8/7/2015 16:00,84.11,80.03,118.88,95.6,49.8
8/10/2015 16:00,83.91,80.02,120.4,96.82,50.44
8/11/2015 16:00,84.3,80.15,119.48,95.98,49.58
8/12/2015 16:00,84.24,80.15,119.29,96.05,49.26
8/13/2015 16:00,84.05,80.07,119.12,95.96,49.13
8/14/2015 16:00,83.95,79.99,119.79,96.31,49.18
8/17/2015 16:00,84.03,80.08,120.94,96.88,49.09
8/18/2015 16:00,83.99,80.04,120.29,96.63,48.71
8/19/2015 16:00,84.32,80.2,118.94,95.85,48.22
8/20/2015 16:00,84.39,80.19,116.13,93.77,47.14
8/21/2015 16:00,84.64,80.29,114.09,90.86,46.01
8/24/2015 16:00,84.66,80.3,109.57,87.23,44.34
8/25/2015 16:00,84.31,80.29,108.43,86.2,44.68
8/26/2015 16:00,84.15,80.2,111.34,89.45,45.85
8/27/2015 16:00,84.12,80.2,113.85,91.65,46.71
8/28/2015 16:00,84.2,80.1,114.63,91.72,46.67
8/31/2015 16:00,84.11,80.07,114.06,90.97,46.33
9/1/2015 16:00,84.2,80.11,110.96,88.35,44.78
9/2/2015 16:00,84.15,80.13,112.57,89.93,45.44
9/3/2015 16:00,84.38,80.13,112.86,89.99,45.49
9/4/2015 16:00,84.47,80.18,111.64,88.66,44.39
9/8/2015 16:00,84.16,80.11,114.29,90.87,45.69
9/9/2015 16:00,84.24,80.13,113.03,89.65,45.5
9/10/2015 16:00,84.09,80.11,113.31,90.07,45.79
9/11/2015 16:00,84.25,80.18,113.81,90.53,45.77
9/14/2015 16:00,84.35,80.15,113.37,90.16,45.54
9/15/2015 16:00,83.77,79.96,114.68,91.3,45.84
9/16/2015 16:00,83.76,80.01,115.71,92.1,46.61
9/17/2015 16:00,84.34,80.22,115.97,91.91,46.65
9/18/2015 16:00,84.6,80.33,114.22,90.44,45.56
9/21/2015 16:00,84.35,80.2,114.26,90.86,45.6
9/22/2015 16:00,84.56,80.28,112.54,89.73,44.53
9/23/2015 16:00,84.52,80.28,112.19,89.5,44.26
9/24/2015 16:00,84.53,80.27,111.7,89.27,44.13
9/25/2015 16:00,84.36,80.23,110.01,88.7,44.2
9/28/2015 16:00,84.59,80.29,106.87,86.32,43.26
9/29/2015 16:00,84.8,80.36,106.32,86.38,43.35
9/30/2015 16:00,84.84,80.39,107.95,88.05,44.32
10/1/2015 16:00,84.68,80.3,107.87,88.26,44.42
10/2/2015 16:00,85.09,80.49,109.53,89.43,45.31
10/5/2015 16:00,84.78,80.4,111.98,91.15,46.24
10/6/2015 16:00,84.88,80.42,111.55,90.81,46.23
10/7/2015 16:00,84.91,80.37,113.17,91.55,47
10/8/2015 16:00,84.78,80.38,114.25,92.39,47.33
10/9/2015 16:00,84.79,80.36,114.48,92.48,47.46
10/12/2015 16:00,84.97,80.42,114.29,92.51,47.14
10/13/2015 16:00,85.09,80.45,112.99,91.89,46.48
10/14/2015 16:00,85.49,80.59,112.12,91.5,46.74
10/15/2015 16:00,85.34,80.51,113.9,92.85,47.57
10/16/2015 16:00,85.29,80.47,113.9,93.28,47.55
10/19/2015 16:00,85.21,80.51,114.04,93.27,47.23
10/20/2015 16:00,85.04,80.36,114.05,93.16,47.2
10/21/2015 16:00,85.2,80.42,112.54,92.61,46.98
10/22/2015 16:00,85.39,80.48,113.36,94.09,47.68
10/23/2015 16:00,85.07,80.4,114.15,95.12,48.03
10/26/2015 16:00,85.22,80.39,113.61,94.92,47.77
10/27/2015 16:00,85.19,80.43,112.57,94.67,47.33
10/28/2015 16:00,84.9,80.31,115.11,95.83,47.58
10/29/2015 16:00,84.5,80.2,114.37,95.74,47.16
10/30/2015 16:00,84.71,80.24,114.08,95.34,47.09
11/2/2015 16:00,84.31,80.05,116.19,96.45,47.6
11/3/2015 16:00,84.17,80.04,116.41,96.74,47.77
11/4/2015 16:00,84.09,79.9,116.2,96.46,47.49
11/5/2015 16:00,84.04,79.93,116.26,96.34,47.3
11/6/2015 16:00,83.49,79.78,116.61,96.26,47.02
11/9/2015 16:00,83.39,79.77,115.39,95.42,46.52
11/10/2015 16:00,83.57,79.87,115.7,95.57,46.4
11/11/2015 16:00,83.61,79.85,114.84,95.2,46.55
11/12/2015 16:00,83.63,79.82,112.57,93.91,46.04
11/13/2015 16:00,83.78,79.92,111.69,92.9,45.59
11/16/2015 16:00,83.9,79.96,112.83,94.23,46.22
11/17/2015 16:00,83.94,79.96,112.52,94.14,46.32
11/18/2015 16:00,83.88,79.92,114.33,95.67,46.75
11/19/2015 16:00,83.97,79.92,114.08,95.61,46.99
11/20/2015 16:00,83.98,79.92,114.65,95.94,46.99
11/23/2015 16:00,84.04,79.91,115.08,95.84,46.56
11/24/2015 16:00,84.09,79.97,115.8,95.99,46.65
11/25/2015 16:00,84.11,79.95,116.38,96,46.65
11/27/2015 16:00,84.21,79.95,116.64,96.08,46.45
11/30/2015 16:00,84.19,79.92,116.13,95.67,46.47
12/1/2015 16:00,84.37,79.95,116.99,96.62,46.95
12/2/2015 16:00,84.21,79.88,115.75,95.62,46.44
12/3/2015 16:00,83.48,79.8,113.89,94.24,46.23
12/4/2015 16:00,83.8,79.8,115.08,96.06,46.61
12/7/2015 16:00,83.94,79.86,113.56,95.42,46.13
12/8/2015 16:00,83.95,79.82,112.91,94.89,45.44
12/9/2015 16:00,83.88,79.83,111.74,94.07,45.31
12/10/2015 16:00,83.73,79.79,112.12,94.34,45.24
12/11/2015 16:00,84.14,79.96,109.96,92.49,44.29
12/14/2015 16:00,83.65,79.82,109.23,92.9,44.45
12/15/2015 16:00,83.51,79.7,110.65,93.91,44.8
12/16/2015 16:00,83.28,79.59,112.23,95.25,45.71
12/17/2015 16:00,83.58,79.61,110.9,93.35,45.06
12/18/2015 16:00,83.67,79.71,109.36,91.7,44.73
12/21/2015 16:00,83.67,79.74,110.04,92.45,44.69
12/22/2015 16:00,83.6,79.73,111.04,93.26,44.99
12/23/2015 16:00,83.09,79.54,111.96,94.43,45.75
12/24/2015 16:00,83.17,79.6,112.07,94.33,45.67
12/28/2015 16:00,83.25,79.59,111.6,94.06,45.5
12/29/2015 16:00,82.88,79.5,112.66,95.06,45.9
12/30/2015 16:00,82.93,79.52,111.71,94.36,45.53
12/31/2015 16:00,83.06,79.57,110.64,93.5,45.11
1/4/2016 16:00,83.22,79.6,108.88,92.15,44.33
1/5/2016 16:00,83.32,79.59,108.94,92.33,44.25
1/6/2016 16:00,83.66,79.68,107.31,91.12,43.5
1/7/2016 16:00,83.77,79.8,104.42,88.9,42.6
1/8/2016 16:00,83.99,79.89,102.97,87.95,42.1
1/11/2016 16:00,83.79,79.88,102.47,87.97,42.19
1/12/2016 16:00,83.91,79.89,102.76,88.64,42.29
1/13/2016 16:00,84.18,79.98,99.69,86.41,41.71
1/14/2016 16:00,84.05,79.95,100.87,87.79,42.27
1/15/2016 16:00,84.23,80.04,99.22,85.93,40.64
1/19/2016 16:00,83.97,79.98,98.18,85.95,41.12
1/20/2016 16:00,84.28,80.07,97.99,84.97,40.11
1/21/2016 16:00,84.07,80.09,98.01,85.34,40.45
1/22/2016 16:00,83.97,79.96,100.47,87.11,41.66
1/25/2016 16:00,84.01,79.95,98.34,85.75,40.96
1/26/2016 16:00,84.1,80.04,100.48,86.96,41.75
1/27/2016 16:00,84.2,80.05,99.27,86.02,41.55
1/28/2016 16:00,84.3,80.11,99.13,86.4,41.82
1/29/2016 16:00,84.58,80.2,102.29,88.48,42.65
2/1/2016 16:00,84.16,80.04,102.2,88.49,42.47
2/2/2016 16:00,84.59,80.22,99.93,86.88,41.5
2/3/2016 16:00,84.66,80.27,100.42,87.35,42.03
2/4/2016 16:00,84.74,80.32,101.22,87.53,42.23
2/5/2016 16:00,84.81,80.28,98.63,85.79,41.66
2/8/2016 16:00,85.15,80.4,96.56,84.56,40.92
2/9/2016 16:00,85.1,80.4,95.99,84.53,40.36
2/10/2016 16:00,85.37,80.45,96.04,84.5,40.35
2/11/2016 16:00,85.52,80.47,94.84,83.42,39.73
2/12/2016 16:00,85.06,80.33,96.65,85.11,40.39
2/16/2016 16:00,84.89,80.3,98.85,86.57,41.23
2/17/2016 16:00,84.68,80.26,100.61,88.05,42.03
2/18/2016 16:00,85.12,80.36,100.26,87.65,41.85
2/19/2016 16:00,85.14,80.29,100.44,87.67,41.7
2/22/2016 16:00,85.17,80.3,101.73,88.91,42.17
2/23/2016 16:00,85.31,80.35,100.88,87.8,41.54
2/24/2016 16:00,85.32,80.35,101.72,88.21,41.44
2/25/2016 16:00,85.56,80.44,102.76,89.28,41.87
2/26/2016 16:00,85.36,80.31,103.48,89.16,41.75
2/29/2016 16:00,85.34,80.36,103.08,88.36,41.6
3/1/2016 16:00,84.89,80.13,105.23,90.54,42.78
3/2/2016 16:00,84.71,80.11,106.39,90.92,43.19
3/3/2016 16:00,84.89,80.16,107.6,91.31,43.65
3/4/2016 16:00,84.72,80.1,108.28,91.57,44.11
3/7/2016 16:00,84.57,80.04,109.16,91.64,44.05
3/8/2016 16:00,84.91,80.12,106.75,90.64,43.44
3/9/2016 16:00,84.8,80.08,107.27,91.1,43.75
3/10/2016 16:00,84.7,80,106.77,91.11,43.67
3/11/2016 16:00,84.63,79.98,108.96,92.62,44.79
3/14/2016 16:00,84.67,80.01,108.6,92.52,44.55
3/15/2016 16:00,84.73,80.05,107.09,91.87,43.92
3/16/2016 16:00,85.15,80.26,108.13,92.42,44.52
3/17/2016 16:00,85.32,80.36,109.6,93.03,45
3/18/2016 16:00,85.42,80.38,110.36,93.44,44.93
3/21/2016 16:00,85.25,80.29,110.17,93.53,44.98
3/22/2016 16:00,85.19,80.21,110.22,93.54,44.89
3/23/2016 16:00,85.45,80.22,108.41,92.87,44.31
3/24/2016 16:00,85.44,80.22,108.58,92.82,44.07
3/28/2016 16:00,85.51,80.27,108.77,92.91,44.36
3/29/2016 16:00,85.87,80.5,111.1,93.75,44.82
3/30/2016 16:00,85.92,80.53,111.19,94.14,45.27
3/31/2016 16:00,86.27,80.63,111.49,94.01,44.92
4/1/2016 16:00,85.92,80.5,111.75,94.6,44.47
4/4/2016 16:00,86.08,80.51,110.91,94.29,44.28
4/5/2016 16:00,86.28,80.66,109.63,93.39,43.51
4/6/2016 16:00,86.17,80.6,110.86,94.41,44.18
4/7/2016 16:00,86.52,80.71,109.45,93.29,43.5
4/8/2016 16:00,86.39,80.7,110.07,93.51,44.39
4/11/2016 16:00,86.38,80.66,109.83,93.25,44.47
4/12/2016 16:00,86.16,80.57,110.92,94.14,45.21
4/13/2016 16:00,86.24,80.53,113.02,95.1,45.88
4/14/2016 16:00,86.08,80.51,112.8,95.14,45.83
4/15/2016 16:00,86.37,80.61,113.11,95.07,45.72
4/18/2016 16:00,86.33,80.59,113.67,95.67,46.07
4/19/2016 16:00,86.31,80.56,114.13,96.01,46.91
4/20/2016 16:00,86.22,80.44,114.2,96.07,46.81
4/21/2016 16:00,86.07,80.45,113.39,95.56,46.51
4/22/2016 16:00,85.94,80.46,114.46,95.59,46.48
4/25/2016 16:00,85.81,80.45,113.85,95.45,46.25
4/26/2016 16:00,85.67,80.34,114.86,95.58,46.44
4/27/2016 16:00,86.09,80.48,115.5,95.75,46.58
4/28/2016 16:00,86.34,80.53,114.21,94.9,46.04
4/29/2016 16:00,86.34,80.61,113.46,94.42,45.89
5/2/2016 16:00,85.94,80.47,114.32,95.14,46.19
5/3/2016 16:00,86.36,80.58,112.58,94.28,45.26
5/4/2016 16:00,86.38,80.64,111.95,93.7,44.74
5/5/2016 16:00,86.59,80.66,111.67,93.7,44.68
5/6/2016 16:00,86.43,80.63,112.22,94,44.8
5/9/2016 16:00,86.48,80.71,112.38,94.12,44.56
5/10/2016 16:00,86.54,80.69,113.56,95.27,45.29
5/11/2016 16:00,86.62,80.71,112.43,94.45,44.99
5/12/2016 16:00,86.48,80.61,111.9,94.39,44.99
5/13/2016 16:00,86.65,80.64,111.09,93.64,44.38
5/16/2016 16:00,86.45,80.58,112.33,94.54,45.03
5/17/2016 16:00,86.27,80.48,111.14,93.68,44.69
5/18/2016 16:00,85.72,80.33,111.06,93.73,44.62
5/19/2016 16:00,85.75,80.36,110.47,93.36,44.28
5/20/2016 16:00,85.89,80.33,111.95,93.98,44.64
5/23/2016 16:00,85.89,80.35,111.82,93.79,44.48
5/24/2016 16:00,85.74,80.3,113.74,95.05,45.08
5/25/2016 16:00,85.77,80.34,114.52,95.71,45.55
5/26/2016 16:00,86.02,80.38,114.39,95.71,45.66
5/27/2016 16:00,85.77,80.33,115.41,96.12,45.56
5/31/2016 16:00,85.99,80.35,115.6,96.04,45.44
6/1/2016 16:00,85.74,80.28,116.29,96.21,45.45
6/2/2016 16:00,85.97,80.3,117.07,96.51,45.54
6/3/2016 16:00,86.6,80.56,116.54,96.24,45.95
6/6/2016 16:00,86.54,80.56,117.71,96.69,46.29
6/7/2016 16:00,86.62,80.62,118.04,96.84,46.68
6/8/2016 16:00,86.66,80.63,118.73,97.2,46.85
6/9/2016 16:00,86.82,80.67,118.17,97.01,46.23
6/10/2016 16:00,86.97,80.76,116.27,96.09,44.99
6/13/2016 16:00,87.02,80.81,115.01,95.39,44.35
6/14/2016 16:00,86.95,80.75,114.29,94.77,43.29
6/15/2016 16:00,87.3,80.88,114.58,94.67,43.63
6/16/2016 16:00,87.33,80.91,114.38,94.92,43.59
6/17/2016 16:00,87.13,80.81,114.33,94.61,43.92
6/20/2016 16:00,86.88,80.74,115.7,95.23,44.93
6/21/2016 16:00,86.75,80.72,115.5,95.43,45.23
6/22/2016 16:00,86.87,80.71,115.14,95.26,45.22
6/23/2016 16:00,86.7,80.62,117.21,96.52,46.41
6/24/2016 16:00,87.42,80.89,112.77,93.06,42.82
6/27/2016 16:00,87.89,81.02,109.31,91.36,42.05
6/28/2016 16:00,88.02,81.06,111.39,92.99,43.1
6/29/2016 16:00,87.85,80.98,113.79,94.56,43.95
6/30/2016 16:00,88.07,81.06,115.68,95.85,44.48
7/1/2016 16:00,88.11,81.04,116.03,96.07,44.6
7/5/2016 16:00,88.34,81.09,114.54,95.43,43.83
7/6/2016 16:00,88.46,81.06,115.29,95.97,43.74
7/7/2016 16:00,88.4,81.07,115.46,95.88,43.56
7/8/2016 16:00,88.54,81.09,117.76,97.36,44.31
7/11/2016 16:00,88.22,81.05,118.69,97.72,44.85
7/12/2016 16:00,87.69,80.86,120.02,98.4,45.47
7/13/2016 16:00,88.01,80.92,119.67,98.39,45.46
7/14/2016 16:00,87.8,80.9,119.83,98.91,45.85
7/15/2016 16:00,87.58,80.84,119.97,98.8,45.66
7/18/2016 16:00,87.6,80.83,120.2,99.05,45.82
7/19/2016 16:00,87.82,80.91,119.77,98.94,45.4
7/20/2016 16:00,87.72,80.86,120.53,99.38,45.76
7/21/2016 16:00,87.82,80.94,120.05,99.01,45.72
7/22/2016 16:00,87.71,80.9,120.87,99.46,45.79
7/25/2016 16:00,87.74,80.83,120.59,99.2,45.64
7/26/2016 16:00,87.71,80.85,121.19,99.26,45.83
7/27/2016 16:00,88.06,80.97,120.92,99.17,46.05
7/28/2016 16:00,88.03,80.98,121.11,99.31,46.04
7/29/2016 16:00,88.34,81.1,121.47,99.47,46.49
8/1/2016 16:00,87.95,80.94,121.31,99.36,46.27
8/2/2016 16:00,87.78,80.89,119.69,98.7,46.09
8/3/2016 16:00,87.74,80.83,120.59,99.01,46.01
8/4/2016 16:00,87.97,80.95,120.7,99.13,46.26
8/5/2016 16:00,87.6,80.82,121.93,99.91,46.47
8/8/2016 16:00,87.58,80.81,121.92,99.85,46.64
8/9/2016 16:00,87.85,80.88,121.91,99.92,47
8/10/2016 16:00,88.06,80.93,121.28,99.67,47.09
8/11/2016 16:00,87.68,80.81,121.76,100.2,47.47
8/12/2016 16:00,88.01,80.91,121.74,100.06,47.3
8/15/2016 16:00,87.8,80.83,122.78,100.4,47.59
8/16/2016 16:00,87.68,80.79,121.66,99.86,47.42
8/17/2016 16:00,87.84,80.84,121.4,100.03,47.42
8/18/2016 16:00,87.95,80.88,122.28,100.26,47.67
8/19/2016 16:00,87.74,80.81,122.23,100.12,47.35
8/22/2016 16:00,87.89,80.83,122.36,100.13,47.29
8/23/2016 16:00,87.94,80.81,123.15,100.33,47.43
8/24/2016 16:00,87.88,80.8,122.11,99.8,47.32
8/25/2016 16:00,87.77,80.8,122.34,99.72,47.23
8/26/2016 16:00,87.44,80.7,121.99,99.54,46.89
8/29/2016 16:00,87.79,80.77,122.79,100.06,47.07
8/30/2016 16:00,87.76,80.79,122.74,99.87,46.94
8/31/2016 16:00,87.7,80.78,122.29,99.64,46.7
9/1/2016 16:00,87.57,80.72,122.29,99.65,47
9/2/2016 16:00,87.46,80.72,123.52,100.11,47.54
9/6/2016 16:00,87.81,80.85,123.69,100.42,48.03
9/7/2016 16:00,87.86,80.83,124.21,100.41,48.09
9/8/2016 16:00,87.46,80.7,123.88,100.21,48.02
9/9/2016 16:00,87.08,80.67,120.06,97.8,46.95
9/12/2016 16:00,87.14,80.7,121.59,99.19,47.34
9/13/2016 16:00,86.85,80.61,119.3,97.8,45.91
9/14/2016 16:00,87.11,80.73,119.19,97.71,45.95
9/15/2016 16:00,87.1,80.74,120.5,98.71,46.4
9/16/2016 16:00,87.19,80.72,120.04,98.31,45.91
9/19/2016 16:00,87.13,80.71,120.82,98.35,46.22
9/20/2016 16:00,87.16,80.73,119.8,97.81,46.36
9/21/2016 16:00,87.39,80.75,121.47,98.86,47.27
9/22/2016 16:00,87.55,80.75,123.08,99.55,47.74
9/23/2016 16:00,87.58,80.82,122.18,99,47.24
9/26/2016 16:00,87.7,80.87,121.29,98.19,46.8
9/27/2016 16:00,87.86,80.83,121.54,98.79,47.09
9/28/2016 16:00,87.87,80.81,122.6,99.33,47.5
9/29/2016 16:00,87.84,80.83,121.18,98.42,46.96
9/30/2016 16:00,87.66,80.83,122.18,99.16,47.21
10/3/2016 16:00,87.34,80.63,121.52,98.88,47.18
10/4/2016 16:00,87.11,80.59,120.81,98.42,47.01
10/5/2016 16:00,86.91,80.56,121.46,98.83,47.35
10/6/2016 16:00,86.84,80.49,121.42,98.89,47.15
10/7/2016 16:00,86.94,80.55,120.49,98.53,46.85
10/10/2016 16:00,86.89,80.5,121.65,99.05,47.06
10/11/2016 16:00,86.76,80.47,119.66,97.79,46.32
10/12/2016 16:00,86.78,80.49,119.77,97.92,46.26
10/13/2016 16:00,86.9,80.54,119.12,97.59,46.07
10/14/2016 16:00,86.76,80.48,118.82,97.59,46.15
10/17/2016 16:00,86.94,80.6,118.61,97.3,46.06
10/18/2016 16:00,87.09,80.62,119.3,97.89,46.61
10/19/2016 16:00,87.17,80.62,119.81,98.13,46.77
10/20/2016 16:00,87.06,80.6,119.43,98.04,46.75
10/21/2016 16:00,87.13,80.6,119.28,97.99,46.69
10/24/2016 16:00,86.99,80.58,119.85,98.47,46.74
10/25/2016 16:00,86.98,80.54,118.87,98.12,46.69
10/26/2016 16:00,86.81,80.55,118.08,97.91,46.43
10/27/2016 16:00,86.61,80.47,116.76,97.64,46.32
10/28/2016 16:00,86.55,80.51,116.68,97.3,46.27
10/31/2016 16:00,86.65,80.52,117.22,97.36,46.31
11/1/2016 16:00,86.41,80.44,115.88,96.68,46.13
11/2/2016 16:00,86.64,80.48,114.58,96.04,45.74
11/3/2016 16:00,86.58,80.57,114.17,95.63,45.7
11/4/2016 16:00,86.72,80.62,114.59,95.54,45.26
11/7/2016 16:00,86.51,80.54,117.1,97.59,46.12
11/8/2016 16:00,86.29,80.44,117.42,98.08,46.27
11/9/2016 16:00,85.27,80.18,120.04,99.15,45.96
11/10/2016 16:00,84.94,80.09,120.9,99.31,45.66
11/11/2016 16:00,84.75,80.1,122.64,99.2,45.19
11/14/2016 16:00,84.3,79.92,124.52,99.21,44.91
11/15/2016 16:00,84.41,79.91,125.1,99.97,45.35
11/16/2016 16:00,84.42,79.89,124.99,99.87,44.88
11/17/2016 16:00,84.1,79.78,125.66,100.36,45.16
11/18/2016 16:00,83.78,79.69,125.78,100.13,44.78
11/21/2016 16:00,83.79,79.71,126.62,100.89,45.18
11/22/2016 16:00,83.9,79.73,127.56,101.09,45.4
11/23/2016 16:00,83.59,79.62,128.27,101.15,45.19
11/25/2016 16:00,83.61,79.63,128.7,101.52,45.37
11/28/2016 16:00,83.9,79.68,127.42,101.07,45.2
11/29/2016 16:00,83.98,79.7,127.46,101.22,45.42
11/30/2016 16:00,83.62,79.61,127.26,100.97,45.38
12/1/2016 16:00,83.08,79.44,126.71,100.58,45.26
12/2/2016 16:00,83.41,79.53,126.87,100.58,45.38
12/5/2016 16:00,83.41,79.52,128.53,101.21,45.74
12/6/2016 16:00,83.5,79.58,129.81,101.58,45.98
12/7/2016 16:00,83.82,79.66,131.11,102.89,46.64
12/8/2016 16:00,83.53,79.6,132.66,103.17,46.67
12/9/2016 16:00,83.26,79.57,132.57,103.72,46.81
12/12/2016 16:00,83.26,79.57,131.38,103.6,46.54
12/13/2016 16:00,83.28,79.51,131.55,104.28,47
12/14/2016 16:00,82.71,79.27,129.77,103.47,46.15
12/15/2016 16:00,82.43,79.22,130.46,103.85,46.12
12/16/2016 16:00,82.48,79.24,130.26,103.67,46.03
12/19/2016 16:00,82.86,79.33,131.09,103.89,45.98
12/20/2016 16:00,82.69,79.34,131.94,104.26,45.73
12/21/2016 16:00,82.87,79.37,131.32,104.04,45.66
12/22/2016 16:00,82.37,79.22,129.56,103.24,45.44
12/23/2016 16:00,82.45,79.25,130.12,103.39,45.57
12/27/2016 16:00,82.25,79.23,130.59,103.6,45.58
12/28/2016 16:00,82.54,79.29,129.13,102.75,45.55
12/29/2016 16:00,82.8,79.44,129.47,102.77,45.8
12/30/2016 16:00,83.07,79.45,128.96,102.37,45.88
1/3/2017 16:00,83.01,79.46,129.71,103.09,46.21
1/4/2017 16:00,83.09,79.46,131.88,103.8,46.72
1/5/2017 16:00,83.48,79.58,130.83,103.74,47.07
1/6/2017 16:00,83.2,79.49,130.65,104.13,46.97
1/9/2017 16:00,83.41,79.58,129.87,103.78,46.88
1/10/2017 16:00,83.43,79.55,130.82,103.83,46.96
1/11/2017 16:00,83.48,79.59,131.19,104.09,47.31
1/12/2017 16:00,83.52,79.63,130.48,103.86,47.38
1/13/2017 16:00,83.38,79.6,131.3,104.05,47.52
1/17/2017 16:00,83.76,79.73,129.94,103.74,47.4
1/18/2017 16:00,83.26,79.56,130.52,103.91,47.15
1/19/2017 16:00,83.04,79.49,129.55,103.62,47.11
1/20/2017 16:00,83.16,79.58,130.17,103.92,47.3
1/23/2017 16:00,83.45,79.71,129.75,103.68,47.52
1/24/2017 16:00,83.23,79.65,131.6,104.37,47.71
1/25/2017 16:00,82.9,79.55,132.66,105.24,48.21
1/26/2017 16:00,83.01,79.59,132.31,105.13,48.06
1/27/2017 16:00,83.1,79.62,131.65,105.01,47.95
1/30/2017 16:00,83.04,79.63,130.19,104.4,47.64
1/31/2017 16:00,83.34,79.68,130.93,104.36,47.75
2/1/2017 16:00,83.01,79.55,130.68,104.4,47.91
2/2/2017 16:00,83.05,79.59,130.68,104.46,47.97
2/3/2017 16:00,83.13,79.56,132.4,105.22,48.19
2/6/2017 16:00,83.46,79.7,131.63,105.05,47.91
2/7/2017 16:00,83.55,79.72,131.15,105.04,47.86
2/8/2017 16:00,83.84,79.81,131.17,105.21,48.01
2/9/2017 16:00,83.46,79.72,132.66,105.79,48.14
2/10/2017 16:00,83.42,79.67,133.54,106.21,48.4
2/13/2017 16:00,83.32,79.64,133.89,106.79,48.59
2/14/2017 16:00,83.07,79.57,134.3,107.21,48.55
2/15/2017 16:00,82.95,79.51,134.94,107.78,48.82
2/16/2017 16:00,83.19,79.61,134.6,107.65,48.86
2/17/2017 16:00,83.41,79.69,134.72,107.82,48.65
2/21/2017 16:00,83.39,79.69,135.84,108.46,48.93
2/22/2017 16:00,83.52,79.74,135.18,108.4,48.94
2/23/2017 16:00,83.68,79.79,134.5,108.44,48.99
2/24/2017 16:00,84.04,79.92,134.54,108.61,48.6
2/27/2017 16:00,83.78,79.8,135.66,108.77,48.56
2/28/2017 16:00,83.78,79.73,133.97,108.5,48.39
3/1/2017 16:00,83.22,79.49,136.14,109.93,48.95
3/2/2017 16:00,83.01,79.43,134.66,109.3,48.53
3/3/2017 16:00,83.07,79.48,134.72,109.35,48.77
3/6/2017 16:00,83.03,79.47,133.83,109.01,48.65
3/7/2017 16:00,82.86,79.42,132.95,108.65,48.54
3/8/2017 16:00,82.58,79.35,132.15,108.48,48.25
3/9/2017 16:00,82.36,79.29,131.63,108.58,48.31
3/10/2017 16:00,82.54,79.34,132.1,108.94,48.76
3/13/2017 16:00,82.31,79.3,132.46,109.06,49.03
3/14/2017 16:00,82.4,79.27,131.86,108.65,48.69
3/15/2017 16:00,83.06,79.49,133.84,109.58,49.48
3/16/2017 16:00,82.87,79.44,133.77,109.41,49.77
3/17/2017 16:00,83.05,79.5,133.98,109.25,49.76
3/20/2017 16:00,83.21,79.55,133.47,109.05,49.86
3/21/2017 16:00,83.41,79.65,130.53,107.66,49.51
3/22/2017 16:00,83.55,79.68,130.57,107.86,49.6
3/23/2017 16:00,83.46,79.66,130.97,107.76,49.71
3/24/2017 16:00,83.48,79.63,130.63,107.21,49.73
3/27/2017 16:00,83.68,79.69,130.66,107.08,49.8
3/28/2017 16:00,83.47,79.61,131.76,107.9,49.96
3/29/2017 16:00,83.7,79.69,132.33,108.01,50.02
3/30/2017 16:00,83.46,79.68,133.02,108.35,49.82
3/31/2017 16:00,83.61,79.72,133.28,108.09,49.68
4/3/2017 16:00,83.75,79.74,132.19,107.92,49.67
4/4/2017 16:00,83.75,79.7,132.12,107.97,49.71
4/5/2017 16:00,83.88,79.73,130.88,107.64,49.49
4/6/2017 16:00,83.85,79.73,132.03,107.91,49.49
4/7/2017 16:00,83.57,79.63,131.93,107.84,49.44
4/10/2017 16:00,83.75,79.68,132.34,107.89,49.4
4/11/2017 16:00,84.09,79.79,133.09,107.81,49.54
4/12/2017 16:00,84.32,79.87,131.51,107.38,49.55
4/13/2017 16:00,84.38,79.88,130.2,106.65,49.27
4/17/2017 16:00,84.4,79.9,131.75,107.56,49.67
4/18/2017 16:00,84.71,80.02,131.74,107.27,49.33
4/19/2017 16:00,84.54,80.01,132.02,107.12,49.11
4/20/2017 16:00,84.47,79.93,133.38,107.93,49.56
4/21/2017 16:00,84.51,79.97,133.09,107.61,49.54
4/24/2017 16:00,84.4,79.93,134.43,108.79,50.59
4/25/2017 16:00,84.05,79.81,135.44,109.47,50.89
4/26/2017 16:00,84.19,79.88,135.7,109.39,50.77
4/27/2017 16:00,84.31,79.91,135.77,109.49,50.7
4/28/2017 16:00,84.39,79.94,134.42,109.29,50.7
5/1/2017 16:00,84.11,79.77,134.92,109.5,50.93
5/2/2017 16:00,84.26,79.84,134.58,109.55,51.23
5/3/2017 16:00,84.05,79.73,133.85,109.4,51.08
5/4/2017 16:00,83.92,79.71,133.49,109.48,51.21
5/5/2017 16:00,83.92,79.73,134.64,109.97,51.7
5/8/2017 16:00,83.8,79.7,134.01,109.9,51.43
5/9/2017 16:00,83.75,79.66,133.78,109.85,51.4
5/10/2017 16:00,83.79,79.67,134.6,110,51.57
5/11/2017 16:00,83.81,79.7,133.81,109.77,51.46
5/12/2017 16:00,84.21,79.82,133.16,109.61,51.73
5/15/2017 16:00,84.18,79.82,134.17,110.16,52.09
5/16/2017 16:00,84.29,79.83,134.01,110.11,52.29
5/17/2017 16:00,84.8,80.01,131.1,108.18,51.6
5/18/2017 16:00,84.7,79.95,131.44,108.57,51.48
5/19/2017 16:00,84.71,79.95,132.33,109.31,52.19
5/22/2017 16:00,84.69,79.96,133.35,109.88,52.26
5/23/2017 16:00,84.45,79.91,133.47,110.09,52.26
5/24/2017 16:00,84.66,79.97,133.86,110.36,52.36
5/25/2017 16:00,84.67,79.96,133.92,110.88,52.38
5/26/2017 16:00,84.64,79.97,133.82,110.92,52.33
5/30/2017 16:00,84.86,80.01,132.89,110.8,52.22
5/31/2017 16:00,84.91,80.03,132.93,110.8,52.2
6/1/2017 16:00,84.72,79.91,135.02,111.68,52.59
6/2/2017 16:00,84.97,79.95,135.52,112.06,53.04
6/5/2017 16:00,84.88,79.92,134.88,111.99,52.83
6/6/2017 16:00,85.15,79.99,134.5,111.66,52.72
6/7/2017 16:00,85.02,79.93,134.4,111.85,52.74
6/8/2017 16:00,84.88,79.89,135.64,111.88,52.69
6/9/2017 16:00,84.84,79.86,135.99,111.76,52.45
6/12/2017 16:00,84.78,79.87,136.01,111.71,52.27
6/13/2017 16:00,84.86,79.86,136.99,112.22,52.7
6/14/2017 16:00,85.22,79.94,136.24,112.14,52.63
6/15/2017 16:00,85,79.91,135.65,111.91,52.11
6/16/2017 16:00,85.14,79.96,135.49,111.93,52.48
6/19/2017 16:00,84.88,79.87,136.5,112.8,52.71
6/20/2017 16:00,85.02,79.92,135.22,112.07,52.2
6/21/2017 16:00,85.08,79.91,134.4,111.6,51.56
6/22/2017 16:00,85.12,79.94,134.7,111.53,51.74
6/23/2017 16:00,85.14,79.97,135.49,111.69,51.87
6/26/2017 16:00,85.22,79.97,135.94,111.78,52.02
6/27/2017 16:00,84.88,79.87,134.72,110.87,51.9
6/28/2017 16:00,84.89,79.94,136.45,111.81,52.4
6/29/2017 16:00,84.67,79.87,135.45,110.87,51.86
6/30/2017 16:00,84.53,79.85,135.54,111.02,51.97
7/3/2017 16:00,84.05,79.68,136.49,111.31,52.01
7/5/2017 16:00,84.24,79.69,136.05,111.45,51.97
7/6/2017 16:00,84.01,79.68,134.15,110.47,51.66
7/7/2017 16:00,83.96,79.69,135.46,111.15,51.72
7/10/2017 16:00,84.09,79.73,134.98,111.3,51.88
7/11/2017 16:00,84.2,79.78,135.32,111.21,52.06
7/12/2017 16:00,84.46,79.85,136.33,112.05,52.56
7/13/2017 16:00,84.34,79.82,136.53,112.25,52.76
7/14/2017 16:00,84.56,79.87,136.98,112.73,53.23
7/17/2017 16:00,84.65,79.88,137.29,112.75,53.03
7/18/2017 16:00,84.84,79.9,136.96,112.83,53.17
7/19/2017 16:00,84.83,79.89,138.37,113.4,53.45
7/20/2017 16:00,84.9,79.91,138.37,113.48,53.65
7/21/2017 16:00,85.05,79.99,137.84,113.36,53.42
7/24/2017 16:00,84.92,79.94,138.13,113.34,53.42
7/25/2017 16:00,84.58,79.83,139.25,113.63,53.48
7/26/2017 16:00,84.8,79.96,138.54,113.61,53.77
7/27/2017 16:00,84.73,79.97,137.81,113.5,53.62
7/28/2017 16:00,84.87,80.01,137.37,113.36,53.62
7/31/2017 16:00,84.89,80.02,137.15,113.32,53.72
8/1/2017 16:00,84.89,79.94,137.47,113.54,54.06
8/2/2017 16:00,84.86,79.92,136.28,113.58,54.05
8/3/2017 16:00,85.04,79.98,135.76,113.39,53.96
8/4/2017 16:00,84.81,79.92,136.33,113.62,54.06
8/7/2017 16:00,84.86,79.92,136.4,113.79,54.12
8/8/2017 16:00,84.7,79.91,136.09,113.53,53.92
8/9/2017 16:00,84.79,79.94,135.02,113.5,53.76
8/10/2017 16:00,85.01,79.99,132.79,111.93,52.9
8/11/2017 16:00,85.11,80.05,133.13,112.07,52.91
8/14/2017 16:00,84.95,80.02,134.68,113.15,53.31
8/15/2017 16:00,84.79,79.94,133.9,113.15,53.2
8/16/2017 16:00,84.95,79.99,134.24,113.35,53.59
8/17/2017 16:00,85.09,80.05,131.95,111.6,52.94
8/18/2017 16:00,85.01,80.04,131.83,111.4,53.12
8/21/2017 16:00,85.1,80.06,131.81,111.53,53.23
8/22/2017 16:00,85.04,80.04,133.08,112.69,53.44
8/23/2017 16:00,85.28,80.11,132.86,112.29,53.53
8/24/2017 16:00,85.18,80.04,133.05,112.12,53.54
8/25/2017 16:00,85.27,80.09,133.44,112.31,53.88
8/28/2017 16:00,85.41,80.12,133.59,112.32,53.85
8/29/2017 16:00,85.52,80.19,133.48,112.42,53.63
8/30/2017 16:00,85.49,80.15,134.53,112.98,53.6
8/31/2017 16:00,85.61,80.18,135.87,113.64,54.01
9/1/2017 16:00,85.2,80.03,136.42,113.88,54.16
9/5/2017 16:00,85.62,80.12,135.15,113.06,53.75
9/6/2017 16:00,85.43,80.12,135.4,113.42,54.13
9/7/2017 16:00,85.8,80.21,135.04,113.39,54.54
9/8/2017 16:00,85.69,80.19,135.16,113.25,54.49
9/11/2017 16:00,85.32,80.1,136.61,114.48,54.96
9/12/2017 16:00,85.23,80.06,137.56,114.9,54.99
9/13/2017 16:00,85.08,80,137.54,114.95,54.74
9/14/2017 16:00,85.12,80,137.4,114.93,54.86
9/15/2017 16:00,85.08,79.95,137.87,115.09,55
9/18/2017 16:00,84.99,79.93,138.63,115.3,55.09
9/19/2017 16:00,84.94,79.9,138.47,115.44,55.28
9/20/2017 16:00,84.79,79.84,138.6,114.89,54.89
9/21/2017 16:00,84.74,79.81,138.27,114.57,54.79
9/22/2017 16:00,84.8,79.83,138.73,114.58,54.84
9/25/2017 16:00,85.05,79.93,138.83,114.38,54.49
9/26/2017 16:00,85.01,79.91,139.03,114.41,54.34
9/27/2017 16:00,84.73,79.86,140.68,114.85,54.29
9/28/2017 16:00,84.74,79.9,140.98,115.02,54.42
9/29/2017 16:00,84.66,79.82,141.32,115.4,54.73
10/2/2017 16:00,84.52,79.7,142.69,115.91,54.73
10/3/2017 16:00,84.61,79.72,142.99,116.19,55.04
10/4/2017 16:00,84.65,79.77,142.88,116.33,55
10/5/2017 16:00,84.54,79.74,143.25,117,55.02
10/6/2017 16:00,84.41,79.69,143.06,116.91,54.95
10/9/2017 16:00,84.48,79.73,142.6,116.68,54.94
10/10/2017 16:00,84.55,79.77,142.77,116.95,55.42
10/11/2017 16:00,84.62,79.74,142.79,117.17,55.67
10/12/2017 16:00,84.62,79.72,142.85,116.97,55.62
10/13/2017 16:00,84.84,79.78,142.77,117.11,55.99
10/16/2017 16:00,84.77,79.74,142.74,117.27,55.93
10/17/2017 16:00,84.76,79.72,142.54,117.36,55.78
10/18/2017 16:00,84.58,79.68,142.93,117.45,55.92
10/19/2017 16:00,84.66,79.71,142.81,117.51,55.69
10/20/2017 16:00,84.4,79.65,143.6,118.11,55.66
10/23/2017 16:00,84.49,79.68,142.72,117.69,55.51
10/24/2017 16:00,84.34,79.66,142.99,117.85,55.61
10/25/2017 16:00,84.21,79.62,142.16,117.29,55.41
10/26/2017 16:00,84.16,79.6,142.7,117.43,55.33
10/27/2017 16:00,84.35,79.65,143.59,118.38,55.55
10/30/2017 16:00,84.58,79.72,142.55,117.95,55.58
10/31/2017 16:00,84.49,79.69,143.53,118.12,55.84
11/1/2017 16:00,84.35,79.55,142.95,118.29,56.02
11/2/2017 16:00,84.42,79.55,143.22,118.3,56.14
11/3/2017 16:00,84.48,79.53,143.49,118.67,56.03
11/6/2017 16:00,84.54,79.54,143.89,118.83,56.22
11/7/2017 16:00,84.56,79.53,142.79,118.78,56.01
11/8/2017 16:00,84.46,79.48,143.09,118.96,56.22
11/9/2017 16:00,84.4,79.5,142.26,118.56,55.88
11/10/2017 16:00,84,79.45,142.36,118.51,55.73
11/13/2017 16:00,83.96,79.41,142.38,118.63,55.48
11/14/2017 16:00,84.09,79.44,142.02,118.37,55.42
11/15/2017 16:00,84.34,79.47,141.35,117.76,55.11
11/16/2017 16:00,84.2,79.43,143.1,118.76,55.74
11/17/2017 16:00,84.28,79.43,143.58,118.45,55.69
11/20/2017 16:00,84.11,79.39,144.27,118.65,55.78
11/21/2017 16:00,84.17,79.37,145.5,119.46,56.23
11/22/2017 16:00,84.39,79.46,145.45,119.35,56.39
11/24/2017 16:00,84.36,79.45,145.62,119.63,56.69
11/27/2017 16:00,84.44,79.47,145.07,119.58,56.27
11/28/2017 16:00,84.5,79.46,146.85,120.75,56.61
11/29/2017 16:00,84.25,79.43,147.2,120.7,56.22
11/30/2017 16:00,84.08,79.36,147.91,121.64,56.19
12/1/2017 16:00,84.12,79.25,147.63,121.47,56.1
12/4/2017 16:00,84.06,79.23,147.18,121.31,55.9
12/5/2017 16:00,84.16,79.22,145.96,120.86,55.82
12/6/2017 16:00,84.26,79.24,145.31,120.88,55.5
12/7/2017 16:00,84.17,79.26,146.49,121.27,55.64
12/8/2017 16:00,84.09,79.27,146.83,121.96,55.98
12/11/2017 16:00,84.04,79.22,146.77,122.36,56.1
12/12/2017 16:00,84,79.21,146.32,122.58,56.08
12/13/2017 16:00,84.37,79.32,146.7,122.52,56.39
12/14/2017 16:00,84.29,79.27,145.29,122.03,56.13
12/15/2017 16:00,84.25,79.24,146.95,123.07,56.1
12/18/2017 16:00,84.12,79.22,148.66,123.84,56.74
12/19/2017 16:00,83.78,79.17,147.9,123.36,56.57
12/20/2017 16:00,83.64,79.13,148.12,123.3,56.56
12/21/2017 16:00,83.68,79.11,147.93,122.96,56.3
12/22/2017 16:00,83.72,79.13,147.91,122.89,56.47
12/26/2017 16:00,83.52,79,148.1,122.77,56.5
12/27/2017 16:00,83.73,79.09,148.14,122.87,56.6
12/28/2017 16:00,83.69,79.07,148.64,123.08,56.7
12/29/2017 16:00,83.83,79.1,147.8,122.58,56.81
1/2/2018 16:00,83.56,79.05,148.98,123.49,57.38
1/3/2018 16:00,83.65,79.06,149.26,124.28,57.78
1/4/2018 16:00,83.65,79,149.46,124.8,58.26
1/5/2018 16:00,83.54,79.01,150.01,125.6,58.65
1/8/2018 16:00,83.5,79,150.39,125.88,58.62
1/9/2018 16:00,83.32,78.96,150.32,126.17,58.67
1/10/2018 16:00,83.31,78.98,150.02,125.98,58.47
1/11/2018 16:00,83.34,79.01,152.22,126.85,58.84
1/12/2018 16:00,83.25,78.98,152.71,127.71,59.41
1/16/2018 16:00,83.27,78.96,151.09,127.28,59.35
1/17/2018 16:00,83.12,78.88,152.35,128.46,59.76
1/18/2018 16:00,82.91,78.84,151.58,128.3,59.69
1/19/2018 16:00,82.74,78.8,153.36,128.87,59.96
1/22/2018 16:00,82.75,78.79,154.38,129.93,60.29
1/23/2018 16:00,82.94,78.88,154.97,130.23,60.53
1/24/2018 16:00,82.81,78.86,154.31,130.16,60.79
1/25/2018 16:00,82.96,78.85,154.27,130.21,60.57
1/26/2018 16:00,82.79,78.79,155.07,131.68,61.17
1/29/2018 16:00,82.69,78.76,153.94,130.85,60.54
1/30/2018 16:00,82.55,78.73,152.32,129.45,59.97
1/31/2018 16:00,82.54,78.72,151.78,129.58,60.06
2/1/2018 16:00,82.05,78.53,152.15,129.51,60.01
2/2/2018 16:00,81.82,78.52,149.31,126.7,58.7
2/5/2018 16:00,82.18,78.72,143.75,121.5,56.34
2/6/2018 16:00,81.97,78.62,145.23,123.69,57.7
2/7/2018 16:00,81.79,78.54,145.21,123.09,56.66
2/8/2018 16:00,81.76,78.57,140.43,118.59,55.1
2/9/2018 16:00,81.59,78.57,141.91,120.37,55.62
2/12/2018 16:00,81.62,78.52,143.43,121.98,56.4
2/13/2018 16:00,81.61,78.53,143.85,122.36,56.4
2/14/2018 16:00,81.24,78.39,146.43,124.06,57.41
2/15/2018 16:00,81.35,78.39,147.99,125.53,57.92
2/16/2018 16:00,81.56,78.43,148.35,125.6,58
2/20/2018 16:00,81.43,78.37,147.4,124.8,57.37
2/21/2018 16:00,81.24,78.35,147.03,124.16,57.23
2/22/2018 16:00,81.27,78.4,146.94,124.26,57.49
2/23/2018 16:00,81.58,78.45,148.83,126.28,58.12
2/26/2018 16:00,81.61,78.46,149.58,127.73,58.56
2/27/2018 16:00,81.42,78.35,147.51,126.14,57.56
2/28/2018 16:00,81.51,78.37,145.77,124.77,56.91
3/1/2018 16:00,81.55,78.35,145.17,123.13,56.32
3/2/2018 16:00,81.27,78.28,147,123.82,56.48
3/5/2018 16:00,81.24,78.3,148.51,125.22,56.71
3/6/2018 16:00,81.26,78.29,149.9,125.57,57.14
3/7/2018 16:00,81.25,78.3,150.7,125.53,57.08
3/8/2018 16:00,81.38,78.36,150.6,126.09,57.2
3/9/2018 16:00,81.21,78.28,152.88,128.28,57.74
3/12/2018 16:00,81.31,78.3,153.1,128.12,57.84
3/13/2018 16:00,81.35,78.33,152.43,127.3,57.43
3/14/2018 16:00,81.46,78.36,151.59,126.66,57.58
3/15/2018 16:00,81.44,78.35,151.02,126.55,57.5
3/16/2018 16:00,81.4,78.3,151.77,126.67,57.39
3/19/2018 16:00,81.33,78.29,150.29,124.99,56.89
3/20/2018 16:00,81.2,78.21,150.42,125.18,57.07
3/21/2018 16:00,81.18,78.25,151.03,124.97,57.23
3/22/2018 16:00,81.35,78.34,147.19,121.31,55.99
3/23/2018 16:00,81.34,78.35,144.37,118.75,55.35
3/26/2018 16:00,81.25,78.3,147.56,122.01,56.34
3/27/2018 16:00,81.61,78.43,145.06,119.84,55.73
3/28/2018 16:00,81.58,78.4,145.15,119.48,55.92
3/29/2018 16:00,81.77,78.44,146.92,121.21,56.55
4/2/2018 16:00,81.61,78.36,143.38,118.37,55.67
4/3/2018 16:00,81.43,78.28,145.24,119.91,56.19
4/4/2018 16:00,81.46,78.28,146.78,121.27,56.28
4/5/2018 16:00,81.36,78.23,147.85,122.15,56.65
4/6/2018 16:00,81.58,78.36,144.99,119.5,56.06
4/9/2018 16:00,81.64,78.37,145.01,119.95,56.48
4/10/2018 16:00,81.53,78.32,147.54,121.91,57.15
4/11/2018 16:00,81.56,78.36,147.63,121.29,56.98
4/12/2018 16:00,81.38,78.28,148.49,122.28,57.14
4/13/2018 16:00,81.4,78.27,147.92,121.92,57.05
4/16/2018 16:00,81.35,78.28,149.31,122.9,57.16
4/17/2018 16:00,81.41,78.26,150.68,124.23,57.41
4/18/2018 16:00,81.15,78.17,151.25,124.36,57.74
4/19/2018 16:00,80.95,78.13,150.28,123.67,57.49
4/20/2018 16:00,80.74,78.07,149.48,122.66,57.13
4/23/2018 16:00,80.64,78.04,149.41,122.64,56.96
4/24/2018 16:00,80.63,78.09,148.33,121.01,56.72
4/25/2018 16:00,80.45,78.09,148.31,121.21,56.54
4/26/2018 16:00,80.67,78.13,148.97,122.46,56.95
4/27/2018 16:00,80.75,78.14,148.77,122.58,57.09
4/30/2018 16:00,80.73,78.14,147.47,121.59,56.81
5/1/2018 16:00,80.39,77.97,147.9,121.83,56.68
5/2/2018 16:00,80.45,78.02,147.91,120.99,56.53
5/3/2018 16:00,80.56,78.04,147.47,120.74,56.65
5/4/2018 16:00,80.57,78.03,149.43,122.29,56.82
5/7/2018 16:00,80.55,78.04,150.59,122.75,56.73
5/8/2018 16:00,80.44,78,151.17,122.74,56.88
5/9/2018 16:00,80.3,77.96,152.22,123.94,56.94
5/10/2018 16:00,80.49,78,153,125.07,57.53
5/11/2018 16:00,80.55,78.01,153.27,125.31,57.6
5/14/2018 16:00,80.45,77.99,152.94,125.43,57.66
5/15/2018 16:00,80.06,77.9,152.76,124.57,57.12
5/16/2018 16:00,79.96,77.85,153.92,125.12,57.4
5/17/2018 16:00,79.95,77.89,154.43,125.06,57.27
5/18/2018 16:00,80.15,77.89,154.47,124.73,57.27
5/21/2018 16:00,80.19,77.96,155.59,125.68,57.4
5/22/2018 16:00,80.2,77.95,154.42,125.31,57.38
5/23/2018 16:00,80.5,78.07,154.57,125.64,56.89
5/24/2018 16:00,80.67,78.12,154.74,125.41,56.69
5/25/2018 16:00,80.92,78.22,154.57,125.2,56.48
5/29/2018 16:00,81.47,78.49,154.15,123.75,55.37
5/30/2018 16:00,81.14,78.36,156.35,125.32,56.09
5/31/2018 16:00,81.15,78.3,154.99,124.56,55.88
6/1/2018 16:00,80.77,78.06,156.12,125.84,56.39
6/4/2018 16:00,80.54,78.01,156.85,126.45,56.6
6/5/2018 16:00,80.76,78.11,157.56,126.55,56.48
6/6/2018 16:00,80.44,78.04,158.86,127.68,57.06
6/7/2018 16:00,80.68,78.14,158.46,127.52,56.61
6/8/2018 16:00,80.55,78.12,159.03,127.95,56.69
6/11/2018 16:00,80.55,78.07,159.37,128.12,56.94
6/12/2018 16:00,80.53,78.06,159.99,128.35,56.7
6/13/2018 16:00,80.43,77.98,159.09,127.91,56.66
6/14/2018 16:00,80.59,78.05,159.64,128.25,56.45
6/15/2018 16:00,80.61,78.08,159.46,128.18,56.07
6/18/2018 16:00,80.59,78.08,160.07,127.92,55.63
6/19/2018 16:00,80.75,78.14,159.8,127.38,55.05
6/20/2018 16:00,80.54,78.08,160.91,127.63,55.21
6/21/2018 16:00,80.59,78.12,159.34,126.79,54.7
6/22/2018 16:00,80.66,78.13,158.86,126.45,54.68
6/25/2018 16:00,80.69,78.16,156.27,124.72,53.93
6/26/2018 16:00,80.81,78.19,157.03,124.95,54
6/27/2018 16:00,81.04,78.28,154.87,123.88,53.33
6/28/2018 16:00,80.95,78.26,155.69,124.66,53.6
6/29/2018 16:00,80.97,78.21,155.67,124.76,54.1
7/2/2018 16:00,80.66,78.06,156.29,125.11,53.53
7/3/2018 13:00,80.92,78.13,156.73,124.58,53.65
7/5/2018 16:00,80.97,78.09,158.16,125.64,54
7/6/2018 16:00,81.06,78.14,159.6,126.69,54.29
7/9/2018 16:00,80.92,78.13,160.81,127.84,54.87
7/10/2018 16:00,80.87,78.08,160.44,128.28,54.87
7/11/2018 16:00,81.01,78.1,159.24,127.4,53.97
7/12/2018 16:00,81.02,78.14,160.13,128.53,54.43
7/13/2018 16:00,81.17,78.17,159.88,128.64,54.6
7/16/2018 16:00,80.99,78.14,159.15,128.52,54.49
7/17/2018 16:00,80.99,78.13,159.94,129.07,54.67
7/18/2018 16:00,80.91,78.13,160.47,129.34,54.66
7/19/2018 16:00,81.09,78.19,161.18,128.85,54.38
7/20/2018 16:00,80.97,78.18,160.62,128.74,54.8
7/23/2018 16:00,80.66,78.08,160.52,128.93,54.62
7/24/2018 16:00,80.74,78.1,158.92,129.48,55.03
7/25/2018 16:00,80.7,78.08,159.87,130.65,55.6
7/26/2018 16:00,80.73,78.08,160.58,130.31,55.31
7/27/2018 16:00,80.78,78.1,158.16,129.42,55.39
7/30/2018 16:00,80.71,78.13,156.97,128.64,55.42
7/31/2018 16:00,80.82,78.13,158.5,129.27,55.48
8/1/2018 16:00,80.5,78.01,158.56,129.14,55.23
8/2/2018 16:00,80.56,78.06,159.91,129.82,54.81
8/3/2018 16:00,80.78,78.09,159.77,130.39,54.94
8/6/2018 16:00,80.84,78.11,160.7,130.87,54.7
8/7/2018 16:00,80.67,78.04,161.05,131.32,55.01
8/8/2018 16:00,80.66,78.05,160.74,131.27,55.02
8/9/2018 16:00,80.78,78.05,160.98,131.12,54.87
8/10/2018 16:00,81.03,78.15,160.47,130.26,53.83
8/13/2018 16:00,81.01,78.16,159.52,129.73,53.42
8/14/2018 16:00,81,78.17,161.1,130.54,53.52
8/15/2018 16:00,81.15,78.22,159.47,129.57,52.65
8/16/2018 16:00,81.19,78.21,160.76,130.61,52.96
8/17/2018 16:00,81.19,78.24,161.64,131.04,53.31
8/20/2018 16:00,81.42,78.32,162.08,131.37,53.55
8/21/2018 16:00,81.34,78.31,163.67,131.64,53.94
8/22/2018 16:00,81.4,78.33,163.95,131.61,54.22
8/23/2018 16:00,81.4,78.3,163.5,131.36,53.71
8/24/2018 16:00,81.45,78.3,164.41,132.23,54.21
8/27/2018 16:00,81.29,78.27,165.05,133.23,54.92
8/28/2018 16:00,81.15,78.24,165.21,133.29,54.82
8/29/2018 16:00,81.09,78.23,165.82,134.05,55.07
8/30/2018 16:00,81.22,78.26,165.23,133.47,54.38
8/31/2018 16:00,81.23,78.29,165.66,133.48,54.15
9/4/2018 16:00,80.93,78.15,165.29,133.28,53.5
9/5/2018 16:00,80.88,78.19,164.76,132.89,53.01
9/6/2018 16:00,81.06,78.22,163.93,132.5,52.9
9/7/2018 16:00,80.78,78.07,163.66,132.18,52.52
9/10/2018 16:00,80.78,78.09,164.14,132.45,52.58
9/11/2018 16:00,80.6,78.03,164.48,132.94,52.66
9/12/2018 16:00,80.7,78.04,164.43,132.95,52.86
9/13/2018 16:00,80.73,78.06,164.69,133.73,53.33
9/14/2018 16:00,80.59,78.02,165.3,133.79,53.32
9/17/2018 16:00,80.61,78.05,163.5,133.03,53.28
9/18/2018 16:00,80.37,77.97,164.31,133.73,53.82
9/19/2018 16:00,80.25,77.96,163.59,133.88,54.13
9/20/2018 16:00,80.34,77.96,164.83,134.91,54.69
9/21/2018 16:00,80.35,77.99,164.29,134.81,54.72
9/24/2018 16:00,80.26,77.95,163.47,134.38,54.38
9/25/2018 16:00,80.19,77.95,163.65,134.23,54.69
9/26/2018 16:00,80.4,77.99,162.32,133.75,54.45
9/27/2018 16:00,80.45,78,162.5,134.19,54.39
9/28/2018 16:00,80.48,78.03,162.58,133.51,54
10/1/2018 16:00,80.19,77.86,160.95,133.96,54.09
10/2/2018 16:00,80.28,77.88,159.68,133.92,53.76
10/3/2018 16:00,79.89,77.77,160.64,134.06,53.56
10/4/2018 16:00,79.69,77.73,158.49,132.96,52.82
10/5/2018 16:00,79.53,77.71,157.19,132.2,52.54
10/8/2018 16:00,79.5,77.73,156.83,132.08,52.34
10/9/2018 16:00,79.61,77.75,156,131.91,52.16
10/10/2018 16:00,79.64,77.76,151.59,127.61,50.9
10/11/2018 16:00,79.83,77.8,148.67,124.92,50.22
10/12/2018 16:00,79.84,77.8,149.29,126.66,50.69
10/15/2018 16:00,79.83,77.82,149.83,126.02,50.48
10/16/2018 16:00,79.85,77.83,153.62,128.71,51.45
10/17/2018 16:00,79.63,77.77,153.18,128.73,51.02
10/18/2018 16:00,79.73,77.83,150.6,126.92,50.17
10/19/2018 16:00,79.65,77.8,149.26,126.73,50.46
10/22/2018 16:00,79.65,77.78,148.67,126.21,50.38
10/23/2018 16:00,79.77,77.84,147.36,125.54,49.85
10/24/2018 16:00,80.09,77.98,142.38,121.69,48.46
10/25/2018 16:00,79.92,77.92,145.09,123.98,49.08
10/26/2018 16:00,80.2,78.06,143.1,121.76,48.67
10/29/2018 16:00,80.14,78.01,142.45,120.98,48.39
10/30/2018 16:00,80.02,77.97,145.09,122.9,48.97
10/31/2018 16:00,79.89,77.94,146.13,124.28,49.38
11/1/2018 16:00,79.75,77.85,148.89,125.6,50.28
11/2/2018 16:00,79.46,77.74,149.19,124.84,50.56
11/5/2018 16:00,79.52,77.78,149.3,125.52,50.57
11/6/2018 16:00,79.49,77.72,149.97,126.28,50.68
11/7/2018 16:00,79.52,77.7,152.5,128.97,51.36
11/8/2018 16:00,79.35,77.67,151.91,128.72,50.78
11/9/2018 16:00,79.58,77.75,149.86,127.53,50.25
11/12/2018 16:00,79.68,77.82,147.13,125.06,49.45
11/13/2018 16:00,79.69,77.82,146.9,124.85,49.71
11/14/2018 16:00,79.75,77.88,145.84,123.98,49.86
11/15/2018 16:00,79.78,77.92,147.69,125.34,50.22
11/16/2018 16:00,79.96,78,148,125.6,50.22
11/19/2018 16:00,79.95,78.05,145.05,123.48,49.79
11/20/2018 16:00,79.93,78,142.6,121.23,48.78
11/21/2018 16:00,79.95,77.98,144.42,121.72,49.53
11/23/2018 13:00,80,78.01,144.39,120.92,49.22
11/26/2018 16:00,79.9,77.97,146.32,122.81,49.87
11/27/2018 16:00,79.92,77.98,145.23,123.21,49.75
11/28/2018 16:00,80.01,78.06,148.58,126.05,50.61
11/29/2018 16:00,80.04,78.07,148.41,125.82,50.36
11/30/2018 16:00,80.09,78.08,149.33,126.66,50.21
12/3/2018 16:00,80.05,77.91,150.88,128.28,50.93
12/4/2018 16:00,80.2,77.94,145.13,124.14,49.69
12/6/2018 16:00,80.36,78.03,144.92,124.01,49.28
12/7/2018 16:00,80.58,78.11,141.91,121.1,48.64
12/10/2018 16:00,80.58,78.17,141.25,121.3,48.22
12/11/2018 16:00,80.53,78.14,141.06,121.29,48.38
12/12/2018 16:00,80.41,78.11,142.15,121.96,49.14
12/13/2018 16:00,80.55,78.19,140.44,121.85,49.07
12/14/2018 16:00,80.61,78.24,138.49,119.63,48.39
12/17/2018 16:00,80.79,78.35,135.08,117.11,47.98
12/18/2018 16:00,80.95,78.43,135.11,117.14,48.04
12/19/2018 16:00,80.98,78.43,132.71,115.3,47.49
12/20/2018 16:00,80.85,78.41,130.48,113.54,47.43
12/21/2018 16:00,80.92,78.48,127.52,111.18,46.7
12/24/2018 13:00,80.8,78.38,123.92,107.63,45.72
12/26/2018 16:00,80.54,78.23,129.89,112.95,46.84
12/27/2018 16:00,80.7,78.34,130.61,113.87,46.85
12/28/2018 16:00,81.07,78.48,130.75,113.81,47.11
12/31/2018 16:00,81.29,78.57,131.99,114.86,47.22
1/2/2019 16:00,81.48,78.64,131.88,114.88,47.13
1/3/2019 16:00,81.89,78.82,129.63,112.08,46.6
1/4/2019 16:00,81.52,78.62,134.23,115.94,48.12
1/7/2019 16:00,81.44,78.53,136.46,116.82,48.27
1/8/2019 16:00,81.31,78.46,138.61,117.95,48.62
1/9/2019 16:00,81.46,78.53,139.83,118.53,49.27
1/10/2019 16:00,81.38,78.55,140.81,119.03,49.43
1/11/2019 16:00,81.59,78.62,141.01,118.99,49.11
1/14/2019 16:00,81.56,78.64,140,118.3,48.9
1/15/2019 16:00,81.53,78.69,141.16,119.65,49.21
1/16/2019 16:00,81.5,78.63,142.07,119.91,49.41
1/17/2019 16:00,81.49,78.59,143.38,120.86,49.63
1/18/2019 16:00,81.42,78.59,145.2,122.44,50.03
1/22/2019 16:00,81.58,78.65,142.98,120.83,49.27
1/23/2019 16:00,81.62,78.69,142.7,121.01,49.57
1/24/2019 16:00,81.86,78.77,143.73,121.17,49.75
1/25/2019 16:00,81.74,78.71,145.53,122.22,50.3
1/28/2019 16:00,81.76,78.7,145.12,121.27,50.03
1/29/2019 16:00,81.95,78.79,145,121.08,50.13
1/30/2019 16:00,82.22,78.9,146.47,123.05,50.73
1/31/2019 16:00,82.6,79.06,147.45,124.12,50.84
2/1/2019 16:00,82.13,78.74,148.1,124.22,50.76
2/4/2019 16:00,81.97,78.7,149.58,125.07,50.93
2/5/2019 16:00,82.12,78.75,150.09,125.63,51.38
2/6/2019 16:00,82.14,78.78,149.9,125.44,51.02
2/7/2019 16:00,82.26,78.84,148.86,124.27,50.35
2/8/2019 16:00,82.38,78.9,149.12,124.43,50.16
2/11/2019 16:00,82.29,78.85,150.01,124.52,50.06
2/12/2019 16:00,82.25,78.85,151.78,126.13,50.59
2/13/2019 16:00,82.13,78.8,152.22,126.51,50.52
2/14/2019 16:00,82.32,78.88,152.42,126.21,50.54
2/15/2019 16:00,82.32,78.88,154.31,127.6,51.05
2/19/2019 16:00,82.39,78.91,154.52,127.84,51.32
2/20/2019 16:00,82.36,78.92,154.93,128.03,51.56
2/21/2019 16:00,82.22,78.88,154.37,127.61,51.4
2/22/2019 16:00,82.45,78.98,155.85,128.39,51.72
2/25/2019 16:00,82.42,78.95,155.89,128.58,51.95
2/26/2019 16:00,82.58,79.04,154.79,128.5,52.13
2/27/2019 16:00,82.41,79,155.23,128.47,51.88
2/28/2019 16:00,82.31,78.97,154.61,128.19,51.67
3/1/2019 16:00,81.88,78.76,156,129.04,51.81
3/4/2019 16:00,82.07,78.81,154.77,128.52,51.75
3/5/2019 16:00,82.13,78.83,154.28,128.35,51.85
3/6/2019 16:00,82.3,78.9,151.84,127.5,51.68
3/7/2019 16:00,82.52,79.01,150.64,126.5,50.99
3/8/2019 16:00,82.59,79.04,150.35,126.26,50.88
3/11/2019 16:00,82.6,79.03,152.74,128.1,51.48
3/12/2019 16:00,82.79,79.09,153.03,128.52,51.56
3/13/2019 16:00,82.77,79.09,153.78,129.4,51.88
3/14/2019 16:00,82.64,79.09,153.38,129.33,51.8
3/15/2019 16:00,82.9,79.14,153.75,129.95,52.33
3/18/2019 16:00,82.82,79.13,154.62,130.45,52.63
3/19/2019 16:00,82.82,79.12,153.85,130.47,52.68
3/20/2019 16:00,83.32,79.28,152.7,130.01,52.69
3/21/2019 16:00,83.3,79.27,154.81,131.5,52.7
3/22/2019 16:00,83.8,79.47,150.04,128.99,51.57
3/25/2019 16:00,83.93,79.57,150.31,128.84,51.45
3/26/2019 16:00,83.96,79.6,151.93,129.78,51.75
3/27/2019 16:00,84.08,79.65,151.24,129.15,51.59
3/28/2019 16:00,84.08,79.63,152.16,128.92,51.62
3/29/2019 16:00,83.93,79.59,152.8,129.8,51.9
4/1/2019 16:00,83.38,79.3,154.71,131.28,52.57
4/2/2019 16:00,83.48,79.34,154.45,131.31,52.62
4/3/2019 16:00,83.35,79.29,155.19,131.58,52.95
4/4/2019 16:00,83.42,79.32,155.64,131.81,53
4/5/2019 16:00,83.47,79.33,156.93,132.46,53.14
4/8/2019 16:00,83.39,79.31,156.81,132.59,53.13
4/9/2019 16:00,83.5,79.35,155.06,131.86,52.96
4/10/2019 16:00,83.72,79.41,156.81,132.35,53.12
4/11/2019 16:00,83.64,79.36,156.9,132.38,52.94
4/12/2019 16:00,83.38,79.25,157.78,133.23,53.34
4/15/2019 16:00,83.41,79.26,157.41,133.2,53.29
4/16/2019 16:00,83.22,79.21,157.51,133.24,53.49
4/17/2019 16:00,83.2,79.23,155.99,132.89,53.55
4/18/2019 16:00,83.35,79.28,156.01,133.12,53.51
4/22/2019 16:00,83.27,79.25,155.45,133.26,53.41
4/23/2019 16:00,83.41,79.35,157.76,134.47,53.54
4/24/2019 16:00,83.7,79.43,158.26,134.19,53.03
4/25/2019 16:00,83.62,79.41,156.97,134.11,52.94
4/26/2019 16:00,83.82,79.5,158.38,134.75,53.22
4/29/2019 16:00,83.68,79.46,158.75,134.94,53.35
4/30/2019 16:00,83.82,79.56,158.28,135.03,53.34
5/1/2019 16:00,83.57,79.32,156.69,134.02,53.06
5/2/2019 16:00,83.35,79.26,157.1,133.73,52.98
5/3/2019 16:00,83.49,79.3,159.74,135.05,53.52
5/6/2019 16:00,83.66,79.38,159.65,134.48,52.87
5/7/2019 16:00,83.88,79.45,156.55,132.28,51.97
5/8/2019 16:00,83.65,79.4,156.01,132.06,52.02
5/9/2019 16:00,83.81,79.45,155.6,131.68,51.6
5/10/2019 16:00,83.79,79.46,155.9,132.27,51.98
5/13/2019 16:00,84.1,79.61,151.23,128.98,50.68
5/14/2019 16:00,84.01,79.59,153.04,130.12,51.19
5/15/2019 16:00,84.27,79.67,153.63,130.97,51.35
5/16/2019 16:00,84.14,79.62,154.71,132.19,51.59
5/17/2019 16:00,84.17,79.62,152.94,131.37,51.16
5/20/2019 16:00,84.01,79.59,151.56,130.48,50.96
5/21/2019 16:00,83.95,79.53,153.72,131.61,51.3
5/22/2019 16:00,84.13,79.59,152.41,131.27,51.13
5/23/2019 16:00,84.45,79.76,149.9,129.61,50.61
5/24/2019 16:00,84.45,79.74,150.83,129.87,51.02
5/28/2019 16:00,84.76,79.84,149.54,128.7,50.7
5/29/2019 16:00,84.7,79.88,148.53,127.83,50.53
5/30/2019 16:00,84.99,79.94,148.46,128.2,50.71
5/31/2019 16:00,85.4,80.13,146.92,126.47,50.45
6/3/2019 16:00,85.44,80.19,147.23,126.05,50.76
6/4/2019 16:00,85.35,80.13,150.88,128.83,51.26
6/5/2019 16:00,85.47,80.21,151.4,129.98,51.14
6/6/2019 16:00,85.4,80.12,151.57,130.77,51.26
6/7/2019 16:00,85.68,80.23,152.51,132.09,51.85
6/10/2019 16:00,85.4,80.13,153.47,132.76,52.06
6/11/2019 16:00,85.39,80.11,153.09,132.7,52.4
6/12/2019 16:00,85.5,80.19,153.12,132.4,51.94
6/13/2019 16:00,85.75,80.26,154.38,133.08,52
6/14/2019 16:00,85.77,80.28,153.08,132.85,51.58
6/17/2019 16:00,85.72,80.26,153.69,132.93,51.63
6/18/2019 16:00,85.96,80.3,155.41,134.27,52.45
6/19/2019 16:00,86.26,80.5,156.04,134.71,52.8
6/20/2019 16:00,86.5,80.56,156.83,135.97,53.36
6/21/2019 16:00,86.26,80.49,155.74,135.74,52.54
6/24/2019 16:00,86.47,80.54,154.3,135.47,52.59
6/25/2019 16:00,86.5,80.59,153.27,134.19,52.22
6/26/2019 16:00,86.21,80.48,152.85,133.98,52.38
6/27/2019 16:00,86.49,80.56,154.67,133.99,52.55
6/28/2019 16:00,86.5,80.53,156.66,134.72,52.75
7/1/2019 16:00,86.33,80.36,157.47,135.82,53.06
7/2/2019 16:00,86.54,80.45,156.95,136.17,53.25
7/3/2019 13:00,86.7,80.47,158.28,137.3,53.44
7/5/2019 16:00,86.2,80.26,158.6,137.12,53.09
7/8/2019 16:00,86.1,80.21,157.18,136.38,52.76
7/9/2019 16:00,86.02,80.18,157.34,136.61,52.56
7/10/2019 16:00,86.14,80.31,157.63,137.23,52.8
7/11/2019 16:00,85.85,80.23,157.21,137.56,52.83
7/12/2019 16:00,85.93,80.3,158.44,138.23,52.87
7/15/2019 16:00,85.99,80.27,157.95,138.28,52.96
7/16/2019 16:00,85.87,80.23,157.89,137.8,52.79
7/17/2019 16:00,86.25,80.36,156.8,136.93,52.69
7/18/2019 16:00,86.42,80.49,157.36,137.42,52.86
7/19/2019 16:00,86.3,80.38,156.64,136.63,52.69
7/22/2019 16:00,86.34,80.43,156.64,136.99,52.77
7/23/2019 16:00,86.33,80.43,157.96,137.87,53
7/24/2019 16:00,86.43,80.44,160.07,138.58,53
7/25/2019 16:00,86.29,80.39,158.42,137.93,52.51
7/26/2019 16:00,86.32,80.36,159.98,138.83,52.65
7/29/2019 16:00,86.39,80.39,159.03,138.59,52.67
7/30/2019 16:00,86.3,80.4,160.23,138.25,52.1
7/31/2019 16:00,86.37,80.4,158.54,136.76,51.7
8/1/2019 16:00,86.95,80.53,156.11,135.55,51.32
8/2/2019 16:00,87.04,80.55,154.53,134.52,50.94
8/5/2019 16:00,87.53,80.76,149.96,130.46,49.55
8/6/2019 16:00,87.69,80.79,151.73,132.19,49.97
8/7/2019 16:00,87.66,80.8,152.12,132.44,50.19
8/8/2019 16:00,87.82,80.8,155.28,134.93,50.77
8/9/2019 16:00,87.61,80.74,153.4,134.06,50.38
8/12/2019 16:00,87.98,80.86,151.26,132.43,49.89
8/13/2019 16:00,87.72,80.74,152.99,134.37,50.44
8/14/2019 16:00,88.06,80.82,148.62,130.49,49.02
8/15/2019 16:00,88.51,81.01,148.51,130.76,49.2
8/16/2019 16:00,88.41,81.02,151.39,132.76,49.82
8/19/2019 16:00,88.16,80.94,152.75,134.26,50.06
8/20/2019 16:00,88.54,81.05,151.71,133.3,49.96
8/21/2019 16:00,88.38,80.98,152.94,134.41,50.34
8/22/2019 16:00,88.28,80.93,152.82,134.36,50.15
8/23/2019 16:00,88.65,81.08,148.81,130.94,49.47
8/26/2019 16:00,88.55,81.05,150.11,132.31,49.85
8/27/2019 16:00,88.95,81.15,148.45,131.76,49.8
8/28/2019 16:00,88.9,81.16,149.82,132.72,49.9
8/29/2019 16:00,88.8,81.12,152.31,134.43,50.31
8/30/2019 16:00,88.84,81.16,152.25,134.34,50.58
9/3/2019 16:00,88.73,81.07,150.32,133.53,50.38
9/4/2019 16:00,88.91,81.13,151.91,135.03,51.14
9/5/2019 16:00,88.4,80.94,154.42,136.82,51.53
9/6/2019 16:00,88.44,80.94,154.04,136.92,51.69
9/9/2019 16:00,88.08,80.83,154.76,136.85,51.75
9/10/2019 16:00,87.55,80.65,155.65,136.9,51.84
9/11/2019 16:00,87.44,80.62,157.87,137.8,52.13
9/12/2019 16:00,87.32,80.53,157.99,138.25,52.43
9/13/2019 16:00,86.72,80.39,157.88,138.15,52.73
9/16/2019 16:00,87.02,80.5,158.01,137.29,52.31
9/17/2019 16:00,87.19,80.56,157.8,137.6,52.47
9/18/2019 16:00,87.27,80.57,157.15,137.73,52.37
9/19/2019 16:00,87.3,80.58,156.66,137.72,52.45
9/20/2019 16:00,87.68,80.64,156.32,137.03,52.4
9/23/2019 16:00,87.78,80.71,156.36,137.08,52.34
9/24/2019 16:00,88.11,80.84,154.41,135.88,51.76
9/25/2019 16:00,87.64,80.65,155.71,136.71,51.72
9/26/2019 16:00,87.78,80.72,154.53,136.44,51.77
9/27/2019 16:00,87.84,80.74,153.32,135.59,51.46
9/30/2019 16:00,88,80.79,153.89,136.33,51.66
10/1/2019 16:00,87.95,80.77,151.29,134.65,51.19
10/2/2019 16:00,88.2,80.93,149.41,132.26,50.39
10/3/2019 16:00,88.52,81.14,150.42,133.43,50.78
10/4/2019 16:00,88.73,81.11,152.08,135.19,51.12
10/7/2019 16:00,88.47,81.03,151.51,134.69,50.95
10/8/2019 16:00,88.63,81.1,149.04,132.52,50.52
10/9/2019 16:00,88.33,81.02,150.04,133.78,50.92
10/10/2019 16:00,88.05,80.91,150.59,134.66,51.3
10/11/2019 16:00,87.67,80.78,153.19,136.12,52.12
10/14/2019 16:00,87.86,80.79,152.56,135.95,51.91
10/15/2019 16:00,87.55,80.72,154.01,137.34,52.45
10/16/2019 16:00,87.74,80.79,153.68,137.06,52.56
10/17/2019 16:00,87.69,80.8,155.01,137.44,52.7
10/18/2019 16:00,87.82,80.85,154.47,136.84,52.6
10/21/2019 16:00,87.54,80.77,155.47,137.78,52.92
10/22/2019 16:00,87.68,80.81,155.3,137.27,52.87
10/23/2019 16:00,87.72,80.81,155.42,137.6,53.06
10/24/2019 16:00,87.79,80.82,155.64,137.94,53.15
10/25/2019 16:00,87.66,80.76,156.31,138.58,53.26
10/28/2019 16:00,87.4,80.67,157.48,139.37,53.49
10/29/2019 16:00,87.39,80.68,157.8,139.27,53.4
10/30/2019 16:00,87.67,80.79,157.54,139.69,53.6
10/31/2019 16:00,88.11,80.97,156.43,139.29,53.43
11/1/2019 16:00,87.86,80.79,158.8,140.64,53.95
11/4/2019 16:00,87.55,80.67,159.79,141.14,54.26
11/5/2019 16:00,87.18,80.56,159.98,140.96,54.35
11/6/2019 16:00,87.39,80.64,159.27,140.94,54.26
11/7/2019 16:00,86.93,80.48,159.41,141.46,54.47
11/8/2019 16:00,86.78,80.5,160.14,141.83,54.34
11/11/2019 16:00,86.82,80.5,160,141.62,54.16
11/12/2019 16:00,86.89,80.51,159.96,141.89,54.1
11/13/2019 16:00,87.1,80.6,159.55,141.93,53.9
11/14/2019 16:00,87.39,80.67,159.83,142.18,53.84
11/15/2019 16:00,87.38,80.65,161.03,143.19,54.2
11/18/2019 16:00,87.51,80.74,160.73,143.3,54.23
11/19/2019 16:00,87.54,80.75,161.02,143.33,54.19
11/20/2019 16:00,87.8,80.77,160.52,142.84,53.91
11/21/2019 16:00,87.57,80.71,159.73,142.61,53.81
11/22/2019 16:00,87.65,80.7,160.11,142.98,53.92
11/25/2019 16:00,87.7,80.72,162.63,144.03,54.32
11/26/2019 16:00,87.84,80.78,163.18,144.38,54.32
11/27/2019 16:00,87.73,80.71,164.26,145,54.44
11/29/2019 13:00,87.7,80.75,163,144.45,53.96
12/2/2019 16:00,87.26,80.59,161.28,143.23,53.74
12/3/2019 16:00,87.79,80.75,160.68,142.29,53.56
12/4/2019 16:00,87.64,80.69,161.79,143.16,54.02
12/5/2019 16:00,87.53,80.63,161.85,143.37,54.02
12/6/2019 16:00,87.34,80.57,163.38,144.65,54.48
12/9/2019 16:00,87.36,80.59,162.73,144.18,54.2
12/10/2019 16:00,87.31,80.52,162.52,144.08,54.3
12/11/2019 16:00,87.56,80.64,162.54,144.44,54.66
12/12/2019 16:00,87.13,80.49,163.92,145.65,55.2
12/13/2019 16:00,87.5,80.64,163.34,145.67,55.43
12/16/2019 16:00,87.32,80.55,164.34,146.74,55.96
12/17/2019 16:00,87.32,80.57,164.88,146.73,55.89
12/18/2019 16:00,87.16,80.58,165.29,146.78,55.93
12/19/2019 16:00,87.17,80.63,165.93,147.45,55.9
12/20/2019 16:00,87.24,80.57,166.62,148.12,55.92
12/23/2019 16:00,86.99,80.41,166.74,148.31,55.38
12/24/2019 13:00,87.07,80.47,165.98,147.59,55.39
12/26/2019 16:00,87.2,80.47,166.27,148.31,55.63
12/27/2019 16:00,87.32,80.57,165.76,148.26,55.9
12/30/2019 16:00,87.34,80.63,165.26,147.44,55.47
12/31/2019 16:00,87.22,80.61,165.64,147.84,55.69
1/2/2020 16:00,87.41,80.67,165.93,149.21,56.31
1/3/2020 16:00,87.82,80.74,165.33,148.12,55.62
1/6/2020 16:00,87.64,80.71,165.55,148.73,55.7
1/7/2020 16:00,87.58,80.73,165.18,148.36,55.6
1/8/2020 16:00,87.49,80.67,165.71,149.1,55.7
1/9/2020 16:00,87.58,80.68,166.08,150.15,55.95
1/10/2020 16:00,87.69,80.72,165.54,149.7,55.88
1/13/2020 16:00,87.65,80.68,166.9,150.76,56.3
1/14/2020 16:00,87.75,80.7,167.47,150.54,56.31
1/15/2020 16:00,87.91,80.74,167.86,150.9,56.16
1/16/2020 16:00,87.84,80.73,169.81,152.2,56.46
1/17/2020 16:00,87.83,80.74,169.41,152.64,56.64
1/21/2020 16:00,88.06,80.83,168.53,152.42,56.02
1/22/2020 16:00,88.13,80.88,168.42,152.51,56.2
1/23/2020 16:00,88.28,80.94,168.55,152.69,56
1/24/2020 16:00,88.48,80.98,166.58,151.25,55.68
1/27/2020 16:00,88.8,81.1,164.35,148.95,54.46
1/28/2020 16:00,88.72,81.04,166.05,150.43,54.87
1/29/2020 16:00,88.96,81.17,165.51,150.3,54.9
1/30/2020 16:00,89.09,81.16,165.46,150.88,54.7
1/31/2020 16:00,89.41,81.33,162.3,148.23,53.8
2/3/2020 16:00,89.1,81.16,163.74,149.46,53.9
2/4/2020 16:00,88.77,81.03,166.31,151.79,54.85
2/5/2020 16:00,88.58,80.96,168.23,153.29,55.35
2/6/2020 16:00,88.6,80.96,167.77,153.84,55.48
2/7/2020 16:00,88.89,81.08,166.01,153.09,54.93
2/10/2020 16:00,89.07,81.12,167.06,154.2,55.04
2/11/2020 16:00,88.91,81.06,168.24,154.56,55.44
2/12/2020 16:00,88.77,81,169.4,155.47,55.84
2/13/2020 16:00,88.82,81.03,169.83,155.39,55.41
2/14/2020 16:00,88.95,81.09,169.74,155.63,55.38
2/18/2020 16:00,89.11,81.13,169.25,155.37,55.04
2/19/2020 16:00,89.06,81.1,169.99,156.13,55.3
2/20/2020 16:00,89.22,81.16,170.48,155.47,54.85
2/21/2020 16:00,89.52,81.25,168.43,153.92,54.56
2/24/2020 16:00,89.86,81.45,163.43,148.71,52.54
2/25/2020 16:00,90.05,81.52,157.97,144.24,51.82
2/26/2020 16:00,90.02,81.56,155.9,143.61,51.92
2/27/2020 16:00,90.08,81.67,150.15,137.13,50.44
2/28/2020 16:00,90.92,81.95,148.45,136.17,50.25
3/2/2020 16:00,90.63,81.87,152.6,142.5,50.8
3/3/2020 16:00,91.53,82.23,149.07,138.52,50.34
3/4/2020 16:00,91.62,82.33,153.78,144.34,51.64
3/5/2020 16:00,91.9,82.4,148.56,139.55,50.4
3/6/2020 16:00,92.22,82.51,145.58,137.16,49.65
3/9/2020 16:00,91.91,82.5,131.72,126.56,45.73
3/10/2020 16:00,90.79,82.08,136.33,132.85,47.5
3/11/2020 16:00,89.67,81.79,127.56,126.16,45.14
3/12/2020 16:00,88.12,81.57,114.12,114.3,40.29
3/13/2020 16:00,88.62,81.46,122.64,124.45,42.85
3/16/2020 16:00,89.35,81.03,106.6,109.53,38.08
3/17/2020 16:00,87.25,80.81,111.09,116.88,40.05
3/18/2020 16:00,85.16,79.99,101.38,110.67,37.33
3/19/2020 16:00,83.77,78.67,104.42,110.66,37.75
3/20/2020 16:00,84.65,80.23,101.42,105.92,37.62
3/23/2020 16:00,86.91,80.95,98.45,102.61,36.75
3/24/2020 16:00,86.72,81.22,108.47,112.59,39.83
3/25/2020 16:00,87.8,81.9,111.89,114.24,41.27
3/26/2020 16:00,88.18,81.86,118.06,120.11,42.89
3/27/2020 16:00,88.67,81.8,114.46,116.75,41.41
3/30/2020 16:00,89.08,81.95,116.79,120.46,42.18
3/31/2020 16:00,89.33,82.18,115.44,118.43,41.96
4/1/2020 16:00,89.05,81.85,108.43,113.24,40.36
4/2/2020 16:00,89.09,81.97,109.19,115.75,41.29
4/3/2020 16:00,89.07,81.78,106.26,114.04,40.43
4/6/2020 16:00,88.97,81.91,114.97,121.64,42.5
4/7/2020 16:00,89.23,81.98,115.63,121.83,42.79
4/8/2020 16:00,89.49,82.14,121.24,125.97,43.21
4/9/2020 16:00,90.6,82.57,125.77,127.99,43.9
4/13/2020 16:00,90.69,82.51,122.4,126.8,43.74
4/14/2020 16:00,90.7,82.61,125.15,130.59,44.51
4/15/2020 16:00,91.27,82.73,120.51,127.85,43.26
4/16/2020 16:00,91.25,82.7,120.09,128.63,43.27
4/17/2020 16:00,91.21,82.71,124.9,132.02,44.4
4/20/2020 16:00,91.11,82.6,123.1,129.85,43.76
4/21/2020 16:00,91.08,82.59,119.79,125.72,42.82
4/22/2020 16:00,91.08,82.55,121.58,128.7,43.69
4/23/2020 16:00,91.18,82.62,122.58,128.59,43.59
4/24/2020 16:00,91.18,82.58,124.56,130.43,43.95
4/27/2020 16:00,90.87,82.56,129.27,132.44,44.57
4/28/2020 16:00,91.14,82.57,130.6,131.69,44.89
4/29/2020 16:00,91.39,82.7,136.24,135.27,46.07
4/30/2020 16:00,91.28,82.68,132.24,133.79,45.15
5/1/2020 16:00,90.97,82.56,127.63,130.29,44.06
5/4/2020 16:00,91.09,82.57,128.09,130.77,44.13
5/5/2020 16:00,91.11,82.55,129.21,131.93,44.29
5/6/2020 16:00,90.79,82.56,128.75,131.21,44.11
5/7/2020 16:00,91.09,82.6,130.95,132.86,44.65
5/8/2020 16:00,90.95,82.63,135.21,135.03,45.39
5/11/2020 16:00,90.74,82.57,134.5,135.2,45.35
5/12/2020 16:00,90.98,82.66,130.1,132.45,44.89
5/13/2020 16:00,91.12,82.71,125.64,130.04,44.56
5/14/2020 16:00,91.25,82.72,126.85,131.62,44.37
5/15/2020 16:00,91.3,82.76,128.24,132.27,44.22
5/18/2020 16:00,91.28,82.71,135.33,136.27,45.94
5/19/2020 16:00,91.45,82.79,133.67,134.95,45.47
5/20/2020 16:00,91.76,82.85,136.69,137.18,46.24
5/21/2020 16:00,91.78,82.76,136.95,136.27,45.78
5/22/2020 16:00,91.86,82.84,137.55,136.6,45.45
5/26/2020 16:00,92,82.86,141.35,138.21,46.71
5/27/2020 16:00,92.08,82.88,144.73,140.17,47.14
5/28/2020 16:00,92.08,82.95,142.61,140.05,47.35
5/29/2020 16:00,92.36,83.01,142.36,140.69,47.41
6/1/2020 16:00,92.34,82.92,144.3,141.35,48.43
6/2/2020 16:00,92.34,82.91,145.51,142.54,49.15
6/3/2020 16:00,92.01,82.87,149.29,144.53,50.21
6/4/2020 16:00,91.98,82.82,148.98,143.92,49.86
6/5/2020 16:00,91.84,82.75,153.67,147.59,50.83
6/8/2020 16:00,91.92,82.77,156.76,149.5,51.42
6/9/2020 16:00,92.06,82.8,153.67,148.43,50.86
6/10/2020 16:00,92.57,82.96,150.2,147.58,50.8
6/11/2020 16:00,92.4,82.86,139.83,139.02,48.06
6/12/2020 16:00,92.41,82.85,142.79,140.82,48.99
6/15/2020 16:00,92.87,83.05,145.52,142.16,49.04
6/16/2020 16:00,92.96,83,148.44,144.81,49.6
6/17/2020 16:00,92.92,83,146.71,144.21,49.73
6/18/2020 16:00,92.9,82.98,146.58,144.34,49.62
6/19/2020 16:00,92.95,83,145.96,143.64,49.42
6/22/2020 16:00,92.87,83.01,146.69,144.52,49.8
6/23/2020 16:00,92.9,83.02,147.17,145.2,50.1
6/24/2020 16:00,92.83,83.03,142.34,141.5,49.02
6/25/2020 16:00,92.89,83.03,143.92,142.36,49.52
6/26/2020 16:00,92.94,83.06,140.71,138.96,48.87
6/29/2020 16:00,93.16,83.09,143.87,141.07,49.26
6/30/2020 16:00,93.19,83.12,145.72,143,49.17
7/1/2020 16:00,93.08,83.02,145.24,144.11,49.42
7/2/2020 16:00,93.21,83.08,145.9,144.77,50.15
7/6/2020 16:00,93.23,83.03,147.27,147.14,51.27
7/7/2020 16:00,93.21,83.06,144.8,145.63,50.56
7/8/2020 16:00,93.24,83.04,145.97,146.94,51.21
7/9/2020 16:00,93.41,83.04,144.04,146.19,50.76
7/10/2020 16:00,93.28,83.04,145.7,147.7,51.02
7/13/2020 16:00,93.29,83.05,143.34,146.13,50.69
7/14/2020 16:00,93.43,83.08,145.48,148.08,51.26
7/15/2020 16:00,93.48,83.09,150.05,149.51,51.71
7/16/2020 16:00,93.52,83.11,149.37,148.91,51.25
7/17/2020 16:00,93.64,83.13,149.88,149.47,51.54
7/20/2020 16:00,93.69,83.12,149.88,150.82,51.89
7/21/2020 16:00,93.82,83.17,151.26,151.08,52.18
7/22/2020 16:00,93.9,83.18,152.24,151.84,52.2
7/23/2020 16:00,93.97,83.14,152.1,149.91,51.8
7/24/2020 16:00,93.86,83.14,150.23,148.99,51.61
7/27/2020 16:00,93.77,83.12,151.7,150.1,52.35
7/28/2020 16:00,93.83,83.14,150.34,149.14,51.98
7/29/2020 16:00,94.08,83.2,153.66,150.98,52.64
7/30/2020 16:00,94.11,83.24,153.37,150.55,51.98
7/31/2020 16:00,94.23,83.3,152.42,151.55,51.21
8/3/2020 16:00,94.12,83.17,154.5,152.8,51.95
8/4/2020 16:00,94.33,83.21,155.25,153.4,52.35
8/5/2020 16:00,94.21,83.16,157.35,154.36,52.66
8/6/2020 16:00,94.37,83.19,157.02,155.27,52.82
8/7/2020 16:00,94.17,83.15,158.04,155.21,52.35
8/10/2020 16:00,94.14,83.18,158.79,155.64,52.51
8/11/2020 16:00,93.81,83.09,158.1,154.23,52.63
8/12/2020 16:00,93.7,83.07,158.81,156.45,53.59
8/13/2020 16:00,93.4,83.01,158.73,156.42,53.36
8/14/2020 16:00,93.38,83.05,158.56,156.33,53.1
8/17/2020 16:00,93.5,83.05,159.36,157.06,53.6
8/18/2020 16:00,93.68,83.11,158.16,157.42,53.58
8/19/2020 16:00,93.53,83.14,157.69,156.71,53.25
8/20/2020 16:00,93.72,83.14,156.98,157.45,53.11
8/21/2020 16:00,93.79,83.12,156.4,157.89,52.99
8/24/2020 16:00,93.73,83.11,158.16,159.4,53.6
8/25/2020 16:00,93.54,83.06,158.36,159.97,53.8
8/26/2020 16:00,93.51,83.09,158.05,161.73,54.08
8/27/2020 16:00,93.35,83.07,158.83,162.19,53.61
8/28/2020 16:00,93.48,83.13,159.94,163.15,54.1
8/31/2020 16:00,93.65,83.16,158.46,163.11,53.48
9/1/2020 16:00,93.74,83.09,160.3,164.49,53.8
9/2/2020 16:00,93.81,83.09,162.04,166.66,54.25
9/3/2020 16:00,93.89,83.08,156.74,160.87,53.07
9/4/2020 16:00,93.44,83,155.7,159.47,53.18
9/8/2020 16:00,93.47,83.01,152.36,154.83,52.42
9/9/2020 16:00,93.51,83.04,154.55,157.91,53.31
9/10/2020 16:00,93.52,83.03,152.67,155.37,52.65
9/11/2020 16:00,93.65,83.06,151.94,155.29,53.14
9/14/2020 16:00,93.64,83.06,155.77,157.61,53.6
9/15/2020 16:00,93.67,83.07,156.34,158.59,53.97
9/16/2020 16:00,93.67,83.07,157.12,157.94,53.89
9/17/2020 16:00,93.67,83.04,156.2,156.51,53.87
9/18/2020 16:00,93.63,83.04,155.14,154.87,53.47
9/21/2020 16:00,93.63,83.01,151.39,153.34,52.12
9/22/2020 16:00,93.65,83.04,152.74,154.86,52.02
9/23/2020 16:00,93.46,82.99,149.11,151.16,51.39
9/24/2020 16:00,93.37,82.96,148.88,151.42,51.3
9/25/2020 16:00,93.41,82.96,150.83,153.37,51.49
9/28/2020 16:00,93.51,83.04,154.01,155.93,52.19
9/29/2020 16:00,93.6,83.05,153.2,155.24,52.12
9/30/2020 16:00,93.48,83.05,153.8,156.44,52.17
10/1/2020 16:00,93.38,82.95,156,157.61,52.59
10/2/2020 16:00,93.34,82.92,156.78,156.06,52.36
10/5/2020 16:00,93.02,82.9,160.31,158.67,53.13
10/6/2020 16:00,93.09,82.86,159.93,156.57,52.75
10/7/2020 16:00,93.04,82.85,163.03,159.13,53.28
10/8/2020 16:00,93.15,82.87,165.01,160.59,53.65
10/9/2020 16:00,93.22,82.9,165.78,162.06,54.02
10/12/2020 16:00,93.32,82.91,166.92,164.53,54.34
10/13/2020 16:00,93.37,82.96,165.74,163.8,53.87
10/14/2020 16:00,93.48,82.95,165,162.69,53.69
10/15/2020 16:00,93.32,82.93,166.1,162.5,53.13
10/16/2020 16:00,93.34,82.95,165.64,162.37,53.35
10/19/2020 16:00,93.19,82.89,163.68,159.84,53.11
10/20/2020 16:00,93.12,82.9,164.32,160.46,53.51
10/21/2020 16:00,93.02,82.9,163,159.98,53.36
10/22/2020 16:00,92.87,82.88,165.64,160.99,53.37
10/23/2020 16:00,92.98,82.9,166.67,161.41,53.67
10/26/2020 16:00,93.08,82.9,163.03,158.58,52.77
10/27/2020 16:00,93.26,82.93,161.48,158.05,52.58
10/28/2020 16:00,93.13,82.93,156.73,152.65,51.08
10/29/2020 16:00,92.9,82.86,158.4,154.18,51.39
10/30/2020 16:00,92.69,82.83,157.11,152.54,50.97
11/2/2020 16:00,92.69,82.74,159.62,154,51.68
11/3/2020 16:00,92.55,82.72,163.48,156.75,52.68
11/4/2020 16:00,93.3,82.85,164.53,160.56,53.5
11/5/2020 16:00,93.32,82.84,168.71,163.77,54.66
11/6/2020 16:00,93.16,82.81,167.57,163.86,54.83
11/9/2020 16:00,92.76,82.71,172.59,165.28,55.98
11/10/2020 16:00,92.62,82.67,174.22,164.76,56.16
11/11/2020 16:00,92.65,82.73,174.39,166.16,56.55
11/12/2020 16:00,93.02,82.77,171.85,164.78,55.79
11/13/2020 16:00,93.03,82.78,175.31,166.7,56.57
11/16/2020 16:00,93.07,82.8,178.92,168.73,57.28
11/17/2020 16:00,93.24,82.82,179.58,168.22,57.28
11/18/2020 16:00,93.23,82.8,177.33,166.34,57.01
11/19/2020 16:00,93.33,82.82,179.07,167.17,57.34
11/20/2020 16:00,93.44,82.84,179.04,166.23,57.52
11/23/2020 16:00,93.32,82.84,181.96,167.25,57.6
11/24/2020 16:00,93.27,82.86,184.78,169.95,58.45
11/25/2020 16:00,93.34,82.86,184.02,169.98,58.25
11/27/2020 13:00,93.55,82.89,184.81,170.49,58.68
11/30/2020 16:00,93.62,82.91,181.9,169.49,57.4
12/1/2020 16:00,93.16,82.75,183.65,171.5,58.7
12/2/2020 16:00,93.05,82.73,183.6,171.78,58.74
12/3/2020 16:00,93.21,82.81,185.11,171.86,59.01
12/4/2020 16:00,93.03,82.8,188.57,173.45,59.55
12/7/2020 16:00,93.17,82.82,188.09,173.25,59.25
12/8/2020 16:00,93.21,82.82,189.73,173.86,59.4
12/9/2020 16:00,92.97,82.77,188.64,172,59.33
12/10/2020 16:00,93.2,82.85,190.23,172.15,59.59
12/11/2020 16:00,93.34,82.9,189.63,171.93,59.3
12/14/2020 16:00,93.38,82.87,189.34,171.39,59.31
12/15/2020 16:00,93.37,82.89,193.07,173.6,59.95
12/16/2020 16:00,93.34,82.89,192.68,173.81,60.1
12/17/2020 16:00,93.37,82.89,194.7,175.04,60.52
12/18/2020 16:00,93.36,82.91,193.84,174.68,60.28
12/21/2020 16:00,93.31,82.89,193.85,174.18,58.95
12/22/2020 16:00,93.45,82.91,195.48,173.99,58.78
12/23/2020 16:00,92.62,82.83,196.91,173.97,59.33
12/24/2020 13:00,92.71,82.86,195.89,173.92,59.36
12/28/2020 16:00,92.7,82.84,194.92,174.93,59.72
12/29/2020 16:00,92.81,82.86,192.79,174.74,60.22
12/30/2020 16:00,92.85,82.86,194.81,174.96,60.55
12/31/2020 16:00,92.85,82.9,194.68,175.74,60.16
1/4/2021 16:00,92.83,82.89,191.53,173.39,60.52
1/5/2021 16:00,92.7,82.85,194.27,174.58,61.4
1/6/2021 16:00,92.29,82.77,200.53,175.31,61.73
1/7/2021 16:00,92.17,82.76,203.84,178.09,61.99
1/8/2021 16:00,91.98,82.72,203.76,179.26,62.78
1/11/2021 16:00,91.79,82.72,203.76,178.11,61.95
1/12/2021 16:00,91.82,82.73,206.8,178.14,62.27
1/13/2021 16:00,92.09,82.78,205.56,178.58,62.26
1/14/2021 16:00,92.03,82.77,208.14,177.97,62.81
1/15/2021 16:00,92.1,82.76,205.36,176.69,61.85
1/19/2021 16:00,92.14,82.79,207.73,178.06,62.47
1/20/2021 16:00,92.16,82.8,208.99,180.49,63.15
1/21/2021 16:00,92.1,82.83,207.43,180.7,63.23
1/22/2021 16:00,92.1,82.79,208.35,180.16,62.8
1/25/2021 16:00,92.3,82.85,207.65,180.87,62.89
1/26/2021 16:00,92.34,82.83,205.77,180.33,62.77
1/27/2021 16:00,92.41,82.85,200.98,175.76,61.31
1/28/2021 16:00,92.25,82.81,202.26,177.54,61.74
1/29/2021 16:00,92.17,82.85,198.59,174.25,60.31
2/1/2021 16:00,92.09,82.76,202.84,176.9,61.4
2/2/2021 16:00,91.95,82.75,205.64,179.74,62.14
2/3/2021 16:00,91.87,82.72,206.21,179.81,62.37
2/4/2021 16:00,91.93,82.73,209.53,181.95,62.43
2/5/2021 16:00,91.84,82.74,211.94,182.81,62.86
2/8/2021 16:00,91.83,82.74,215.74,184.14,63.25
2/9/2021 16:00,91.87,82.75,216.29,184.09,63.68
2/10/2021 16:00,92.04,82.77,215.9,184.06,63.6
2/11/2021 16:00,91.98,82.78,216.77,184.36,64.08
2/12/2021 16:00,91.75,82.75,217.9,185.4,64.39
2/16/2021 16:00,91.2,82.68,216.62,185.17,64.68
2/17/2021 16:00,91.36,82.7,215.48,184.98,64.4
2/18/2021 16:00,91.32,82.71,212.64,184.35,63.86
2/19/2021 16:00,90.99,82.66,216.42,183.95,64.22
2/22/2021 16:00,90.82,82.63,214.68,182.31,63.54
2/23/2021 16:00,90.91,82.65,213.91,182.38,63.7
2/24/2021 16:00,90.87,82.63,218.14,184.11,63.72
2/25/2021 16:00,89.67,82.31,211.02,179.63,62.57
2/26/2021 16:00,90.32,82.43,210.84,178.78,61.7
3/1/2021 16:00,90.29,82.41,217.07,183.22,63.05
3/2/2021 16:00,90.35,82.45,213.59,181.62,62.8
3/3/2021 16:00,89.91,82.36,211,178.85,62.5
3/4/2021 16:00,89.53,82.27,206.13,176.48,61.7
3/5/2021 16:00,89.39,82.25,209.96,179.67,62.16
3/8/2021 16:00,88.82,82.08,210.27,178.57,61.51
3/9/2021 16:00,89.24,82.14,213,181.32,62.46
3/10/2021 16:00,89.41,82.2,215.48,182.4,62.63
3/11/2021 16:00,89.46,82.26,219.82,184.64,63.51
3/12/2021 16:00,88.95,82.18,221.23,184.76,63.31
3/15/2021 16:00,89.03,82.2,223.48,185.98,63.44
3/16/2021 16:00,89.11,82.23,220.44,185.63,63.59
3/17/2021 16:00,89.12,82.29,221.84,186.2,63.85
3/18/2021 16:00,88.65,82.2,216.18,183.29,63.1
3/19/2021 16:00,88.61,82.18,217.39,183.13,63.42
3/22/2021 16:00,88.82,82.2,216.25,184.53,63.26
3/23/2021 16:00,89.11,82.27,210.07,183.07,62.3
3/24/2021 16:00,89.12,82.27,206.87,181.83,61.63
3/25/2021 16:00,89.18,82.31,210.35,182.18,62.03
3/26/2021 16:00,88.92,82.26,214.12,185.03,63.05
3/29/2021 16:00,88.73,82.23,209.98,184.83,62.7
3/30/2021 16:00,88.72,82.2,212.57,184.35,62.72
3/31/2021 16:00,88.73,82.19,214.08,185.3,62.7
4/1/2021 16:00,88.54,82.12,217.38,187.36,63.55
4/5/2021 16:00,88.27,82.08,218.22,190.02,64.25
4/6/2021 16:00,88.64,82.18,218.51,189.95,63.88
4/7/2021 16:00,88.67,82.21,216.09,190.22,63.73
4/8/2021 16:00,88.93,82.25,217.44,191.33,64.13
4/9/2021 16:00,88.79,82.19,217.96,192.73,64.12
4/12/2021 16:00,88.72,82.16,218.2,192.57,63.74
4/13/2021 16:00,89.01,82.23,218.13,193.5,64.11
4/14/2021 16:00,88.94,82.22,219.41,192.66,64.28
4/15/2021 16:00,89.36,82.29,220.67,194.92,64.72
4/16/2021 16:00,89.1,82.26,221.61,195.46,65.15
4/19/2021 16:00,89.03,82.26,219.37,194.36,64.95
4/20/2021 16:00,89.25,82.29,215.85,192.84,64.05
4/21/2021 16:00,89.3,82.29,220.16,194.71,64.66
4/22/2021 16:00,89.34,82.32,219.21,192.9,64.39
4/23/2021 16:00,89.28,82.31,222.96,195.2,65.12
4/26/2021 16:00,89.26,82.29,225.24,195.63,65.2
4/27/2021 16:00,89.02,82.26,225.4,195.66,65.1
4/28/2021 16:00,89.08,82.29,225.69,195.41,65.37
4/29/2021 16:00,89.04,82.29,225.43,196.57,65.36
4/30/2021 16:00,89.1,82.31,222.49,195.26,64.44
5/3/2021 16:00,89.05,82.24,223.03,195.42,64.99
5/4/2021 16:00,89.17,82.25,221.27,193.99,64.15
5/5/2021 16:00,89.28,82.32,220.86,193.85,64.81
5/6/2021 16:00,89.35,82.3,221.1,195.12,65.31
5/7/2021 16:00,89.43,82.36,223.56,196.68,66.08
5/10/2021 16:00,89.26,82.33,219.85,194.78,65.54
5/11/2021 16:00,89.15,82.29,218.43,193.14,64.83
5/12/2021 16:00,88.75,82.23,211.77,188.82,63.56
5/13/2021 16:00,89.04,82.29,214.8,190.95,63.9
5/14/2021 16:00,89.16,82.31,219.7,194.04,64.97
5/17/2021 16:00,89.14,82.3,219.39,193.51,64.87
5/18/2021 16:00,89.13,82.32,217.73,192,65.26
5/19/2021 16:00,88.9,82.28,216.27,191.43,64.8
5/20/2021 16:00,89.22,82.34,217.59,193.76,65.5
5/21/2021 16:00,89.25,82.34,217.86,193.63,65.32
5/24/2021 16:00,89.3,82.36,219.46,195.62,65.79
5/25/2021 16:00,89.61,82.4,217.92,195.25,65.97
5/26/2021 16:00,89.5,82.39,220.67,195.73,66.12
5/27/2021 16:00,89.39,82.36,222.63,195.73,66.27
5/28/2021 16:00,89.45,82.4,222.58,196.18,66.42
6/1/2021 16:00,89.3,82.3,224.56,195.99,67.05
6/2/2021 16:00,89.42,82.32,224.77,196.28,67.2
6/3/2021 16:00,89.13,82.24,223.04,195.43,66.69
6/4/2021 16:00,89.55,82.33,224.11,197.24,67.33
6/7/2021 16:00,89.49,82.32,225.6,197.19,67.38
6/8/2021 16:00,89.72,82.35,228.05,197.26,67.27
6/9/2021 16:00,89.92,82.37,226.54,196.96,67.04
6/10/2021 16:00,90.15,82.43,225.88,197.89,67.34
6/11/2021 16:00,90.12,82.39,227.78,198.43,67.42
6/14/2021 16:00,89.88,82.35,226.74,198.91,67.5
6/15/2021 16:00,89.93,82.34,225.9,198.38,67.44
6/16/2021 16:00,89.36,82.16,225.24,197.38,66.86
6/17/2021 16:00,89.61,82.13,222.39,197.6,66.55
6/18/2021 16:00,89.93,82.1,218.33,195.15,65.49
6/21/2021 16:00,89.71,82.1,223.04,197.72,65.73
6/22/2021 16:00,89.86,82.17,223.69,198.82,65.72
6/23/2021 16:00,89.72,82.12,224.15,198.71,65.52
6/24/2021 16:00,89.78,82.11,226.02,199.35,66.11
6/25/2021 16:00,89.64,82.09,227.35,200,66.41
6/28/2021 16:00,89.83,82.13,225.69,200.57,66.14
6/29/2021 16:00,89.94,82.15,225.37,200.71,66.12
6/30/2021 16:00,89.96,82.16,225.28,200.75,65.68
7/1/2021 16:00,89.79,82.06,226.86,201.7,65.74
7/2/2021 16:00,90.02,82.12,225.89,203.18,65.83
7/6/2021 16:00,90.37,82.19,223.43,202.96,65.29
7/7/2021 16:00,90.57,82.23,222.36,203.54,65.5
7/8/2021 16:00,90.73,82.29,220.02,201.87,64.5
7/9/2021 16:00,90.43,82.23,224.65,204.03,65.61
7/12/2021 16:00,90.34,82.18,225.03,204.68,65.75
7/13/2021 16:00,90.1,82.11,221.33,203.88,65.56
7/14/2021 16:00,90.42,82.19,218.82,203.92,65.67
7/15/2021 16:00,90.62,82.21,217.74,203.3,65.33
7/16/2021 16:00,90.62,82.18,215.3,201.86,64.83
7/19/2021 16:00,91.15,82.3,211.9,199.12,63.73
7/20/2021 16:00,91.07,82.32,217.83,202.04,64.1
7/21/2021 16:00,90.76,82.29,221.04,203.69,64.92
7/22/2021 16:00,90.96,82.33,218.8,204.2,65
7/23/2021 16:00,90.9,82.33,220.18,206.36,65.07
7/26/2021 16:00,90.85,82.33,220.64,206.83,64.8
7/27/2021 16:00,91.07,82.35,219,205.76,64.23
7/28/2021 16:00,91.17,82.39,220.98,205.83,64.92
7/29/2021 16:00,90.98,82.35,222.78,206.61,65.32
7/30/2021 16:00,91.12,82.39,221.95,205.48,64.94
8/2/2021 16:00,91.29,82.38,221.06,204.99,65.21
8/3/2021 16:00,91.32,82.4,222.31,206.66,65.64
8/4/2021 16:00,91.25,82.35,220.17,205.76,65.58
8/5/2021 16:00,90.99,82.26,222.92,207.16,65.77
8/6/2021 16:00,90.57,82.18,223.58,207.35,65.46
8/9/2021 16:00,90.39,82.13,222.62,207.31,65.47
8/10/2021 16:00,90.24,82.07,223.12,207.29,65.59
8/11/2021 16:00,90.35,82.13,224.66,207.72,65.99
8/12/2021 16:00,90.32,82.11,224.17,208.39,65.77
8/13/2021 16:00,90.66,82.17,223.32,208.76,65.99
8/16/2021 16:00,90.83,82.23,221.82,209.11,65.55
8/17/2021 16:00,90.74,82.19,218.99,207.77,64.75
8/18/2021 16:00,90.65,82.15,217.19,205.57,64.62
8/19/2021 16:00,90.81,82.15,215.1,205.77,63.86
8/20/2021 16:00,90.72,82.16,217.95,207.47,64.03
8/23/2021 16:00,90.81,82.18,220.91,209.34,64.72
8/24/2021 16:00,90.62,82.16,223.2,209.81,65.31
8/25/2021 16:00,90.4,82.14,224.45,210.25,65.37
8/26/2021 16:00,90.38,82.13,222.37,209.08,64.93
8/27/2021 16:00,90.66,82.21,227.33,210.87,65.64
8/30/2021 16:00,90.78,82.26,226.78,211.84,65.66
8/31/2021 16:00,90.74,82.26,226.31,211.49,65.89
9/1/2021 16:00,90.57,82.18,227.67,211.66,66.47
9/2/2021 16:00,90.68,82.19,229.42,212.27,66.65
9/3/2021 16:00,90.57,82.18,228.78,212.29,67
9/7/2021 16:00,90.25,82.11,226.84,211.52,66.98
9/8/2021 16:00,90.45,82.14,225.24,211.1,66.3
9/9/2021 16:00,90.65,82.17,224.79,210.35,66.24
9/10/2021 16:00,90.5,82.15,222.74,208.73,66.12
9/13/2021 16:00,90.53,82.16,223.69,209.06,66.55
9/14/2021 16:00,90.75,82.18,221.56,207.94,66.21
9/15/2021 16:00,90.67,82.18,224.04,209.69,66.37
9/16/2021 16:00,90.45,82.13,223.99,209.48,66.05
9/17/2021 16:00,90.28,82.09,223.08,207.63,65.34
9/20/2021 16:00,90.54,82.13,219.07,203.96,63.62
9/21/2021 16:00,90.52,82.15,218.96,204.04,64.19
9/22/2021 16:00,90.55,82.06,222.17,205.9,64.7
9/23/2021 16:00,90.04,82,225.62,208.38,65.35
9/24/2021 16:00,89.87,81.95,224.36,208.02,64.73
9/27/2021 16:00,89.7,81.93,226.26,207.33,64.83
9/28/2021 16:00,89.41,81.9,222.03,202.88,63.58
9/29/2021 16:00,89.42,81.94,221.84,203.08,63.31
9/30/2021 16:00,89.44,81.94,218.67,200.92,63.26
10/1/2021 16:00,89.66,81.98,222.08,203.23,63.44
10/4/2021 16:00,89.59,81.93,220.33,200.26,62.78
10/5/2021 16:00,89.4,81.88,220.93,202.52,63.16
10/6/2021 16:00,89.37,81.86,220.59,203.54,62.79
10/7/2021 16:00,89.07,81.81,223.57,205.36,63.51
10/8/2021 16:00,88.89,81.76,222.26,204.86,63.59
10/11/2021 16:00,88.69,81.66,221.13,203.39,63.4
10/12/2021 16:00,88.99,81.72,222.2,203.09,63.36
10/13/2021 16:00,89.1,81.69,223.25,203.99,64.08
10/14/2021 16:00,89.3,81.72,226.98,207.5,64.62
10/15/2021 16:00,88.98,81.62,226.66,209.04,65.18
10/18/2021 16:00,88.81,81.52,227.01,209.81,64.98
10/19/2021 16:00,88.58,81.55,227.88,211.35,65.5
10/20/2021 16:00,88.55,81.57,229.52,212.19,65.67
10/21/2021 16:00,88.34,81.4,230.17,212.86,65.28
10/22/2021 16:00,88.48,81.41,230.18,212.39,65.48
10/25/2021 16:00,88.6,81.5,231.83,213.53,65.55
10/26/2021 16:00,88.72,81.46,230.18,213.72,65.5
10/27/2021 16:00,88.99,81.48,226.09,212.42,65.15
10/28/2021 16:00,88.85,81.46,229.91,214.63,65.63
10/29/2021 16:00,88.84,81.44,229.49,215.1,65.08
11/1/2021 16:00,88.66,81.38,234.51,215.41,65.71
11/2/2021 16:00,88.89,81.48,234.43,216.19,65.38
11/3/2021 16:00,88.77,81.47,237.49,217.62,65.81
11/4/2021 16:00,89.07,81.57,236.45,218.55,65.74
11/5/2021 16:00,89.49,81.66,238.81,219.18,65.88
11/8/2021 16:00,89.16,81.52,239.37,219.63,66.09
11/9/2021 16:00,89.41,81.58,238.74,218.94,65.89
