Date,BND,VB,VV,VWO,VXUS
1/2/2015 16:00,82.65,116.28,94.31,39.56,48.21
1/5/2015 16:00,82.89,114.49,92.69,38.93,47.15
1/6/2015 16:00,83.13,113.03,91.79,38.74,46.79
1/7/2015 16:00,83.18,114.39,92.83,39.63,47.34
1/8/2015 16:00,83.05,116.21,94.58,40.3,47.94
1/9/2015 16:00,83.19,115.23,93.79,40.1,47.74
1/12/2015 16:00,83.3,114.69,93.05,39.74,47.55
1/13/2015 16:00,83.38,114.67,92.84,40.02,47.8
1/14/2015 16:00,83.57,114.25,92.29,39.87,47.6
1/15/2015 16:00,83.94,112.52,91.44,39.99,47.94
1/16/2015 16:00,83.69,114.28,92.58,40.39,48.41
1/20/2015 16:00,83.6,113.76,92.8,40.25,48.47
1/21/2015 16:00,83.44,113.99,93.31,41.15,48.93
1/22/2015 16:00,83.46,116.09,94.69,42.02,49.26
1/23/2015 16:00,83.73,115.88,94.17,41.66,48.92
1/26/2015 16:00,83.63,117.03,94.49,41.71,49.44
1/27/2015 16:00,83.68,116.4,93.3,41.49,49.39
1/28/2015 16:00,83.98,114.71,92.05,41,48.75
1/29/2015 16:00,83.89,115.92,92.86,41.04,49.22
1/30/2015 16:00,84.35,114.16,91.6,39.94,48.47
2/2/2015 16:00,84.08,115.12,92.8,40.65,49.19
2/3/2015 16:00,83.82,117.28,94.16,41.37,49.95
2/4/2015 16:00,83.85,116.77,93.79,41.09,49.55
2/5/2015 16:00,83.67,118.22,94.78,41.4,50.12
2/6/2015 16:00,83.13,117.9,94.56,40.72,49.44
2/9/2015 16:00,83.1,117.19,94.14,40.67,49.33
2/10/2015 16:00,82.95,117.94,95.15,40.6,49.58
2/11/2015 16:00,82.95,117.88,95.15,40.42,49.34
2/12/2015 16:00,82.99,119.23,96.07,41.36,50.14
2/13/2015 16:00,82.8,119.86,96.51,41.78,50.47
2/17/2015 16:00,82.47,120.07,96.63,41.65,50.63
2/18/2015 16:00,82.7,120.41,96.69,41.69,50.83
2/19/2015 16:00,82.63,120.35,96.63,41.56,50.77
2/20/2015 16:00,82.65,121.01,97.21,41.77,51.15
2/23/2015 16:00,82.82,120.98,97.15,41.37,50.94
2/24/2015 16:00,83.16,121.11,97.44,41.94,51.26
2/25/2015 16:00,83.24,121.21,97.38,41.8,51.37
2/26/2015 16:00,83.01,121.25,97.24,41.77,51.28
2/27/2015 16:00,83.08,120.78,96.92,41.8,51.27
3/2/2015 16:00,82.65,121.65,97.51,41.74,51.27
3/3/2015 16:00,82.55,121.04,97.15,41.36,51.01
3/4/2015 16:00,82.55,120.57,96.71,40.88,50.76
3/5/2015 16:00,82.6,120.74,96.89,40.8,50.79
3/6/2015 16:00,82.12,119.2,95.49,40.14,50.09
3/9/2015 16:00,82.22,119.56,95.91,39.98,50.12
3/10/2015 16:00,82.54,118.17,94.34,39.15,49.07
3/11/2015 16:00,82.63,118.86,94.17,39.46,49.2
3/12/2015 16:00,82.69,120.51,95.36,39.68,49.74
3/13/2015 16:00,82.61,119.88,94.81,39.2,49.4
3/16/2015 16:00,82.77,120.9,96.01,39.66,49.92
3/17/2015 16:00,82.84,121.23,95.75,39.91,49.9
3/18/2015 16:00,83.35,122.41,96.95,40.94,50.96
3/19/2015 16:00,83.1,122.29,96.52,40.22,50.34
3/20/2015 16:00,83.32,123.44,97.4,40.72,51.33
3/23/2015 16:00,83.36,123.26,97.19,40.84,51.57
3/24/2015 16:00,83.5,122.95,96.58,41,51.59
3/25/2015 16:00,83.37,120.53,94.79,40.22,50.92
3/26/2015 16:00,83.1,120.27,94.51,39.99,50.63
3/27/2015 16:00,83.18,120.96,94.81,40.08,50.67
3/30/2015 16:00,83.28,122.57,95.95,40.9,50.88
3/31/2015 16:00,83.37,122.56,95.2,40.87,50.35
4/1/2015 16:00,83.51,121.96,94.77,41.42,50.75
4/2/2015 16:00,83.4,122.37,95.2,42.06,51.21
4/6/2015 16:00,83.47,123.14,95.77,42.57,51.79
4/7/2015 16:00,83.52,122.31,95.55,42.47,51.76
4/8/2015 16:00,83.46,123.11,95.87,43.33,52.14
4/9/2015 16:00,83.28,122.84,96.28,43.89,52.34
4/10/2015 16:00,83.24,123.28,96.76,43.8,52.4
4/13/2015 16:00,83.26,123.11,96.37,43.65,52.11
4/14/2015 16:00,83.41,123.2,96.49,43.77,52.51
4/15/2015 16:00,83.49,124.02,96.97,44.03,52.82
4/16/2015 16:00,83.47,123.82,96.92,44.43,53.02
4/17/2015 16:00,83.61,122.12,95.82,43.52,52.31
4/20/2015 16:00,83.52,123.1,96.65,43.38,52.34
4/21/2015 16:00,83.42,123.04,96.56,43.72,52.73
4/22/2015 16:00,83.11,123.3,97.06,44.23,52.88
4/23/2015 16:00,83.27,123.99,97.3,44.45,53.15
4/24/2015 16:00,83.4,123.64,97.46,44.67,53.38
4/27/2015 16:00,83.34,122.5,97.05,44.86,53.66
4/28/2015 16:00,83.08,122.97,97.27,44.97,53.72
4/29/2015 16:00,82.82,122.09,96.87,44.49,53.31
4/30/2015 16:00,82.91,120.06,95.9,43.9,52.77
5/1/2015 16:00,82.5,121.01,96.92,44.16,53.18
5/4/2015 16:00,82.38,121.5,97.22,44.38,53.28
5/5/2015 16:00,82.25,119.82,96.07,43.92,52.55
5/6/2015 16:00,82.02,119.96,95.72,43.34,52.52
5/7/2015 16:00,82.19,120.45,96.1,43.28,52.31
5/8/2015 16:00,82.41,121.51,97.36,43.94,53.34
5/11/2015 16:00,81.98,121.5,96.92,43.52,52.91
5/12/2015 16:00,81.88,121.33,96.61,43.4,52.87
5/13/2015 16:00,81.84,121.44,96.62,43.51,53.16
5/14/2015 16:00,82,122.54,97.62,43.92,53.79
5/15/2015 16:00,82.33,122.65,97.73,44.37,53.94
5/18/2015 16:00,82.03,123.75,98.06,43.94,53.68
5/19/2015 16:00,81.85,123.53,97.99,44.04,53.53
5/20/2015 16:00,81.85,123.65,97.93,43.98,53.6
5/21/2015 16:00,82.11,123.65,98.16,43.85,53.82
5/22/2015 16:00,82.06,123.45,98.01,43.96,53.57
5/26/2015 16:00,82.26,122.24,97.01,43.31,52.66
5/27/2015 16:00,82.3,123.38,97.85,43.42,53.06
5/28/2015 16:00,82.31,123.25,97.76,42.81,52.81
5/29/2015 16:00,82.34,122.48,97.16,42.34,52.29
6/1/2015 16:00,81.9,122.78,97.36,42.31,52.13
6/2/2015 16:00,81.67,122.93,97.27,42.46,52.42
6/3/2015 16:00,81.31,123.66,97.51,42.25,52.59
6/4/2015 16:00,81.51,122.5,96.72,41.63,51.97
6/5/2015 16:00,81.19,122.99,96.57,41.43,51.52
6/8/2015 16:00,81.29,122.28,95.97,41.41,51.41
6/9/2015 16:00,81.05,121.99,95.95,41.11,51.17
6/10/2015 16:00,80.88,123.38,97.08,41.71,52.12
6/11/2015 16:00,81.26,123.82,97.31,41.54,52.19
6/12/2015 16:00,81.2,123.28,96.67,41.55,51.85
6/15/2015 16:00,81.21,122.9,96.24,41.13,51.5
6/16/2015 16:00,81.42,123.57,96.77,41.22,51.51
6/17/2015 16:00,81.45,123.54,96.95,41.48,51.47
6/18/2015 16:00,81.39,124.81,97.95,41.85,51.94
6/19/2015 16:00,81.62,124.73,97.39,41.47,51.7
6/22/2015 16:00,81.23,125.24,98.01,42.01,52.59
6/23/2015 16:00,81.04,125.51,98.11,42.39,52.8
6/24/2015 16:00,81.19,124.3,97.36,42.17,52.39
6/25/2015 16:00,81.08,124.03,97.05,42.02,52.33
6/26/2015 16:00,80.93,123.87,96.62,41.25,51.74
6/29/2015 16:00,81.34,121.03,94.59,40.34,50.31
6/30/2015 16:00,81.26,121.47,94.82,40.88,50.33
7/1/2015 16:00,80.9,121.83,95.51,40.88,50.58
7/2/2015 16:00,81.1,121.37,95.47,41.07,50.7
7/6/2015 16:00,81.38,121.07,95.15,39.93,49.63
7/7/2015 16:00,81.46,121.63,95.76,39.32,49.48
7/8/2015 16:00,81.69,119.59,94.15,37.87,48.17
7/9/2015 16:00,81.42,119.98,94.36,38.64,48.92
7/10/2015 16:00,81.04,121.34,95.51,39.73,50.27
7/13/2015 16:00,80.85,122.47,96.56,39.98,50.49
7/14/2015 16:00,81,123.14,97.02,40.08,50.83
7/15/2015 16:00,81.23,122.44,96.93,39.59,50.53
7/16/2015 16:00,81.23,123.1,97.67,40.06,50.91
7/17/2015 16:00,81.24,122.39,97.76,40.05,50.81
7/20/2015 16:00,81.13,121.99,97.83,39.8,50.86
7/21/2015 16:00,81.28,121.4,97.4,39.81,50.77
7/22/2015 16:00,81.31,121.64,97.19,39.28,50.32
7/23/2015 16:00,81.5,120.67,96.67,38.95,50.14
7/24/2015 16:00,81.55,119.27,95.66,38.39,49.51
7/27/2015 16:00,81.71,118.2,95.07,37.53,49.1
7/28/2015 16:00,81.57,119.39,96.24,37.89,49.67
7/29/2015 16:00,81.5,120.43,96.92,38.24,49.86
7/30/2015 16:00,81.53,120.66,96.97,38,49.78
7/31/2015 16:00,81.81,121.12,96.81,38.32,50.05
8/3/2015 16:00,81.83,120.55,96.5,37.69,49.78
8/4/2015 16:00,81.55,120.34,96.32,37.81,49.81
8/5/2015 16:00,81.42,120.73,96.66,37.85,50.1
8/6/2015 16:00,81.47,119.42,95.88,37.58,49.84
8/7/2015 16:00,81.64,118.88,95.6,37.54,49.8
8/10/2015 16:00,81.47,120.4,96.82,38.18,50.44
8/11/2015 16:00,81.78,119.48,95.98,37.36,49.58
8/12/2015 16:00,81.75,119.29,96.05,36.78,49.26
8/13/2015 16:00,81.58,119.12,95.96,36.71,49.13
8/14/2015 16:00,81.55,119.79,96.31,36.82,49.18
8/17/2015 16:00,81.7,120.94,96.88,36.43,49.09
8/18/2015 16:00,81.55,120.29,96.63,36.01,48.71
8/19/2015 16:00,81.84,118.94,95.85,35.52,48.22
8/20/2015 16:00,81.91,116.13,93.77,34.98,47.14
8/21/2015 16:00,82.04,114.09,90.86,33.86,46.01
8/24/2015 16:00,82.02,109.57,87.23,32.19,44.34
8/25/2015 16:00,81.75,108.43,86.2,32.63,44.68
8/26/2015 16:00,81.4,111.34,89.45,33.76,45.85
8/27/2015 16:00,81.51,113.85,91.65,35.12,46.71
8/28/2015 16:00,81.55,114.63,91.72,34.61,46.67
8/31/2015 16:00,81.44,114.06,90.97,34.54,46.33
9/1/2015 16:00,81.47,110.96,88.35,33.19,44.78
9/2/2015 16:00,81.41,112.57,89.93,33.69,45.44
9/3/2015 16:00,81.47,112.86,89.99,33.84,45.49
9/4/2015 16:00,81.67,111.64,88.66,32.78,44.39
9/8/2015 16:00,81.47,114.29,90.87,33.88,45.69
9/9/2015 16:00,81.45,113.03,89.65,33.69,45.5
9/10/2015 16:00,81.28,113.31,90.07,33.94,45.79
9/11/2015 16:00,81.45,113.81,90.53,34.07,45.77
9/14/2015 16:00,81.47,113.37,90.16,34.07,45.54
9/15/2015 16:00,81.13,114.68,91.3,34.42,45.84
9/16/2015 16:00,81.08,115.71,92.1,35.22,46.61
9/17/2015 16:00,81.54,115.97,91.91,35.22,46.65
9/18/2015 16:00,81.77,114.22,90.44,34.36,45.56
9/21/2015 16:00,81.47,114.26,90.86,34.44,45.6
9/22/2015 16:00,81.62,112.54,89.73,33.77,44.53
9/23/2015 16:00,81.62,112.19,89.5,33.26,44.26
9/24/2015 16:00,81.65,111.7,89.27,33.2,44.13
9/25/2015 16:00,81.5,110.01,88.7,32.69,44.2
9/28/2015 16:00,81.71,106.87,86.32,31.96,43.26
9/29/2015 16:00,81.77,106.32,86.38,32.22,43.35
9/30/2015 16:00,81.93,107.95,88.05,33.09,44.32
10/1/2015 16:00,81.81,107.87,88.26,33.2,44.42
10/2/2015 16:00,82.12,109.53,89.43,34.07,45.31
10/5/2015 16:00,81.8,111.98,91.15,34.75,46.24
10/6/2015 16:00,81.91,111.55,90.81,34.66,46.23
10/7/2015 16:00,81.91,113.17,91.55,35.52,47
10/8/2015 16:00,81.78,114.25,92.39,35.98,47.33
10/9/2015 16:00,81.77,114.48,92.48,36.02,47.46
10/12/2015 16:00,81.91,114.29,92.51,35.82,47.14
10/13/2015 16:00,81.96,112.99,91.89,35.18,46.48
10/14/2015 16:00,82.26,112.12,91.5,35.45,46.74
10/15/2015 16:00,82.1,113.9,92.85,36.26,47.57
10/16/2015 16:00,82.07,113.9,93.28,36.37,47.55
10/19/2015 16:00,82.07,114.04,93.27,36,47.23
10/20/2015 16:00,81.94,114.05,93.16,35.92,47.2
10/21/2015 16:00,82.09,112.54,92.61,35.4,46.98
10/22/2015 16:00,82.23,113.36,94.09,36.17,47.68
10/23/2015 16:00,82.02,114.15,95.12,36.41,48.03
10/26/2015 16:00,82.11,113.61,94.92,36,47.77
10/27/2015 16:00,82.13,112.57,94.67,35.67,47.33
10/28/2015 16:00,81.9,115.11,95.83,35.28,47.58
10/29/2015 16:00,81.61,114.37,95.74,34.89,47.16
10/30/2015 16:00,81.79,114.08,95.34,34.84,47.09
11/2/2015 16:00,81.46,116.19,96.45,35.5,47.6
11/3/2015 16:00,81.32,116.41,96.74,35.94,47.77
11/4/2015 16:00,81.37,116.2,96.46,35.74,47.49
11/5/2015 16:00,81.22,116.26,96.34,35.79,47.3
11/6/2015 16:00,80.9,116.61,96.26,35.39,47.02
11/9/2015 16:00,80.83,115.39,95.42,34.56,46.52
11/10/2015 16:00,80.92,115.7,95.57,34.47,46.4
11/11/2015 16:00,80.93,114.84,95.2,34.51,46.55
11/12/2015 16:00,80.94,112.57,93.91,34.15,46.04
11/13/2015 16:00,81.09,111.69,92.9,33.7,45.59
11/16/2015 16:00,81.09,112.83,94.23,34.43,46.22
11/17/2015 16:00,81.18,112.52,94.14,34.39,46.32
11/18/2015 16:00,81.14,114.33,95.67,34.66,46.75
11/19/2015 16:00,81.25,114.08,95.61,34.92,46.99
11/20/2015 16:00,81.23,114.65,95.94,35.22,46.99
11/23/2015 16:00,81.26,115.08,95.84,34.93,46.56
11/24/2015 16:00,81.29,115.8,95.99,35.02,46.65
11/25/2015 16:00,81.3,116.38,96,34.75,46.65
11/27/2015 16:00,81.34,116.64,96.08,33.99,46.45
11/30/2015 16:00,81.3,116.13,95.67,34.04,46.47
12/1/2015 16:00,81.44,116.99,96.62,34.24,46.95
12/2/2015 16:00,81.34,115.75,95.62,33.9,46.44
12/3/2015 16:00,80.71,113.89,94.24,33.8,46.23
12/4/2015 16:00,81.03,115.08,96.06,33.93,46.61
12/7/2015 16:00,81.17,113.56,95.42,33.45,46.13
12/8/2015 16:00,81.19,112.91,94.89,33.05,45.44
12/9/2015 16:00,81.16,111.74,94.07,32.81,45.31
12/10/2015 16:00,81.15,112.12,94.34,32.48,45.24
12/11/2015 16:00,81.37,109.96,92.49,31.56,44.29
12/14/2015 16:00,80.99,109.23,92.9,32.08,44.45
12/15/2015 16:00,80.9,110.65,93.91,32.55,44.8
12/16/2015 16:00,80.81,112.23,95.25,33.1,45.71
12/17/2015 16:00,80.98,110.9,93.35,32.81,45.06
12/18/2015 16:00,81.16,109.36,91.7,32.64,44.73
12/21/2015 16:00,81.07,110.04,92.45,32.71,44.69
12/22/2015 16:00,80.96,111.04,93.26,32.96,44.99
12/23/2015 16:00,80.74,111.96,94.43,33.45,45.75
12/24/2015 16:00,80.8,112.07,94.33,33.35,45.67
12/28/2015 16:00,80.8,111.6,94.06,33.18,45.5
12/29/2015 16:00,80.55,112.66,95.06,33.16,45.9
12/30/2015 16:00,80.6,111.71,94.36,32.7,45.53
12/31/2015 16:00,80.76,110.64,93.5,32.71,45.11
1/4/2016 16:00,80.72,108.88,92.15,31.78,44.33
1/5/2016 16:00,80.82,108.94,92.33,31.85,44.25
1/6/2016 16:00,81.18,107.31,91.12,31.28,43.5
1/7/2016 16:00,81.19,104.42,88.9,30.27,42.6
1/8/2016 16:00,81.29,102.97,87.95,30,42.1
1/11/2016 16:00,80.95,102.47,87.97,29.87,42.19
1/12/2016 16:00,81.16,102.76,88.64,29.98,42.29
1/13/2016 16:00,81.36,99.69,86.41,29.64,41.71
1/14/2016 16:00,81.26,100.87,87.79,30.02,42.27
1/15/2016 16:00,81.4,99.22,85.93,28.76,40.64
1/19/2016 16:00,81.3,98.18,85.95,29.16,41.12
1/20/2016 16:00,81.39,97.99,84.97,28.55,40.11
1/21/2016 16:00,81.34,98.01,85.34,28.6,40.45
1/22/2016 16:00,81.31,100.47,87.11,29.57,41.66
1/25/2016 16:00,81.31,98.34,85.75,29.08,40.96
1/26/2016 16:00,81.43,100.48,86.96,29.5,41.75
1/27/2016 16:00,81.43,99.27,86.02,29.31,41.55
1/28/2016 16:00,81.49,99.13,86.4,29.78,41.82
1/29/2016 16:00,81.73,102.29,88.48,30.83,42.65
2/1/2016 16:00,81.39,102.2,88.49,30.52,42.47
2/2/2016 16:00,81.67,99.93,86.88,29.61,41.5
2/3/2016 16:00,81.73,100.42,87.35,30.4,42.03
2/4/2016 16:00,81.79,101.22,87.53,30.61,42.23
2/5/2016 16:00,81.71,98.63,85.79,30.29,41.66
2/8/2016 16:00,82.06,96.56,84.56,29.87,40.92
2/9/2016 16:00,82.05,95.99,84.53,29.49,40.36
2/10/2016 16:00,82.22,96.04,84.5,29.58,40.35
2/11/2016 16:00,82.27,94.84,83.42,29.15,39.73
2/12/2016 16:00,82,96.65,85.11,29.63,40.39
2/16/2016 16:00,81.88,98.85,86.57,30.33,41.23
2/17/2016 16:00,81.86,100.61,88.05,30.96,42.03
2/18/2016 16:00,82.14,100.26,87.65,30.81,41.85
2/19/2016 16:00,82.03,100.44,87.67,30.68,41.7
2/22/2016 16:00,82.05,101.73,88.91,31.44,42.17
2/23/2016 16:00,82.1,100.88,87.8,30.76,41.54
2/24/2016 16:00,82.16,101.72,88.21,30.76,41.44
2/25/2016 16:00,82.28,102.76,89.28,30.81,41.87
2/26/2016 16:00,82.2,103.48,89.16,30.54,41.75
2/29/2016 16:00,82.25,103.08,88.36,30.73,41.6
3/1/2016 16:00,81.81,105.23,90.54,31.85,42.78
3/2/2016 16:00,81.76,106.39,90.92,32.34,43.19
3/3/2016 16:00,81.8,107.6,91.31,32.69,43.65
3/4/2016 16:00,81.76,108.28,91.57,33.41,44.11
3/7/2016 16:00,81.74,109.16,91.64,33.34,44.05
3/8/2016 16:00,82.01,106.75,90.64,32.76,43.44
3/9/2016 16:00,81.87,107.27,91.1,32.97,43.75
3/10/2016 16:00,81.83,106.77,91.11,32.89,43.67
3/11/2016 16:00,81.72,108.96,92.62,33.61,44.79
3/14/2016 16:00,81.9,108.6,92.52,33.42,44.55
3/15/2016 16:00,81.82,107.09,91.87,32.8,43.92
3/16/2016 16:00,82.14,108.13,92.42,33.49,44.52
3/17/2016 16:00,82.32,109.6,93.03,34.17,45
3/18/2016 16:00,82.39,110.36,93.44,34.4,44.93
3/21/2016 16:00,82.24,110.17,93.53,34.54,44.98
3/22/2016 16:00,82.22,110.22,93.54,34.39,44.89
3/23/2016 16:00,82.4,108.41,92.87,33.86,44.31
3/24/2016 16:00,82.3,108.58,92.82,33.81,44.07
3/28/2016 16:00,82.34,108.77,92.91,33.9,44.36
3/29/2016 16:00,82.68,111.1,93.75,34.23,44.82
3/30/2016 16:00,82.65,111.19,94.14,34.62,45.27
3/31/2016 16:00,82.81,111.49,94.01,34.58,44.92
4/1/2016 16:00,82.73,111.75,94.6,34.68,44.47
4/4/2016 16:00,82.73,110.91,94.29,34.21,44.28
4/5/2016 16:00,82.88,109.63,93.39,33.57,43.51
4/6/2016 16:00,82.84,110.86,94.41,34,44.18
4/7/2016 16:00,83.11,109.45,93.29,33.29,43.5
4/8/2016 16:00,83.04,110.07,93.51,33.87,44.39
4/11/2016 16:00,83.03,109.83,93.25,34.32,44.47
4/12/2016 16:00,82.9,110.92,94.14,34.85,45.21
4/13/2016 16:00,82.95,113.02,95.1,35.5,45.88
4/14/2016 16:00,82.88,112.8,95.14,35.32,45.83
4/15/2016 16:00,83.07,113.11,95.07,35.11,45.72
4/18/2016 16:00,83.04,113.67,95.67,35.23,46.07
4/19/2016 16:00,83.09,114.13,96.01,35.77,46.91
4/20/2016 16:00,82.86,114.2,96.07,35.54,46.81
4/21/2016 16:00,82.76,113.39,95.56,35.15,46.51
4/22/2016 16:00,82.73,114.46,95.59,35.02,46.48
4/25/2016 16:00,82.63,113.85,95.45,34.74,46.25
4/26/2016 16:00,82.51,114.86,95.58,35.15,46.44
4/27/2016 16:00,82.76,115.5,95.75,35.36,46.58
4/28/2016 16:00,82.91,114.21,94.9,35,46.04
4/29/2016 16:00,82.97,113.46,94.42,34.93,45.89
5/2/2016 16:00,82.66,114.32,95.14,34.84,46.19
5/3/2016 16:00,82.89,112.58,94.28,33.87,45.26
5/4/2016 16:00,82.92,111.95,93.7,33.39,44.74
5/5/2016 16:00,83.07,111.67,93.7,33.39,44.68
5/6/2016 16:00,83.03,112.22,94,33.47,44.8
5/9/2016 16:00,83.09,112.38,94.12,32.96,44.56
5/10/2016 16:00,83.09,113.56,95.27,33.62,45.29
5/11/2016 16:00,83.11,112.43,94.45,33.52,44.99
5/12/2016 16:00,83.12,111.9,94.39,33.46,44.99
5/13/2016 16:00,83.21,111.09,93.64,32.86,44.38
5/16/2016 16:00,83.03,112.33,94.54,33.24,45.03
5/17/2016 16:00,82.97,111.14,93.68,33.1,44.69
5/18/2016 16:00,82.58,111.06,93.73,32.84,44.62
5/19/2016 16:00,82.67,110.47,93.36,32.44,44.28
5/20/2016 16:00,82.67,111.95,93.98,32.8,44.64
5/23/2016 16:00,82.69,111.82,93.79,32.73,44.48
5/24/2016 16:00,82.65,113.74,95.05,33.12,45.08
5/25/2016 16:00,82.62,114.52,95.71,33.5,45.55
5/26/2016 16:00,82.76,114.39,95.71,33.72,45.66
5/27/2016 16:00,82.73,115.41,96.12,33.71,45.56
5/31/2016 16:00,82.8,115.6,96.04,33.8,45.44
6/1/2016 16:00,82.66,116.29,96.21,33.77,45.45
6/2/2016 16:00,82.82,117.07,96.51,34.04,45.54
6/3/2016 16:00,83.34,116.54,96.24,34.57,45.95
6/6/2016 16:00,83.21,117.71,96.69,34.86,46.29
6/7/2016 16:00,83.22,118.04,96.84,35.2,46.68
6/8/2016 16:00,83.32,118.73,97.2,35.49,46.85
6/9/2016 16:00,83.4,118.17,97.01,35.09,46.23
6/10/2016 16:00,83.48,116.27,96.09,34.2,44.99
6/13/2016 16:00,83.5,115.01,95.39,33.77,44.35
6/14/2016 16:00,83.49,114.29,94.77,33.45,43.29
6/15/2016 16:00,83.68,114.58,94.67,33.76,43.63
6/16/2016 16:00,83.77,114.38,94.92,33.68,43.59
6/17/2016 16:00,83.65,114.33,94.61,33.83,43.92
6/20/2016 16:00,83.46,115.7,95.23,34.32,44.93
6/21/2016 16:00,83.35,115.5,95.43,34.58,45.23
6/22/2016 16:00,83.38,115.14,95.26,34.63,45.22
6/23/2016 16:00,83.23,117.21,96.52,35.49,46.41
6/24/2016 16:00,83.69,112.77,93.06,33.48,42.82
6/27/2016 16:00,84.12,109.31,91.36,33.13,42.05
6/28/2016 16:00,84.22,111.39,92.99,34.08,43.1
6/29/2016 16:00,84.19,113.79,94.56,34.88,43.95
6/30/2016 16:00,84.3,115.68,95.85,35.23,44.48
7/1/2016 16:00,84.37,116.03,96.07,35.49,44.6
7/5/2016 16:00,84.66,114.54,95.43,34.79,43.83
7/6/2016 16:00,84.81,115.29,95.97,34.79,43.74
7/7/2016 16:00,84.67,115.46,95.88,34.64,43.56
7/8/2016 16:00,84.89,117.76,97.36,35.41,44.31
7/11/2016 16:00,84.64,118.69,97.72,35.7,44.85
7/12/2016 16:00,84.3,120.02,98.4,36.25,45.47
7/13/2016 16:00,84.45,119.67,98.39,36.19,45.46
7/14/2016 16:00,84.32,119.83,98.91,36.69,45.85
7/15/2016 16:00,84.05,119.97,98.8,36.56,45.66
7/18/2016 16:00,84.08,120.2,99.05,36.88,45.82
7/19/2016 16:00,84.21,119.77,98.94,36.56,45.4
7/20/2016 16:00,84.12,120.53,99.38,36.75,45.76
7/21/2016 16:00,84.22,120.05,99.01,36.65,45.72
7/22/2016 16:00,84.23,120.87,99.46,36.89,45.79
7/25/2016 16:00,84.18,120.59,99.2,36.59,45.64
7/26/2016 16:00,84.17,121.19,99.26,36.81,45.83
7/27/2016 16:00,84.42,120.92,99.17,36.86,46.05
7/28/2016 16:00,84.37,121.11,99.31,36.84,46.04
7/29/2016 16:00,84.64,121.47,99.47,37.04,46.49
8/1/2016 16:00,84.21,121.31,99.36,36.9,46.27
8/2/2016 16:00,84.13,119.69,98.7,36.7,46.09
8/3/2016 16:00,84.13,120.59,99.01,36.9,46.01
8/4/2016 16:00,84.28,120.7,99.13,37.08,46.26
8/5/2016 16:00,84,121.93,99.91,37.49,46.47
8/8/2016 16:00,84.01,121.92,99.85,37.73,46.64
8/9/2016 16:00,84.25,121.91,99.92,37.98,47
8/10/2016 16:00,84.36,121.28,99.67,37.89,47.09
8/11/2016 16:00,84.14,121.76,100.2,38.33,47.47
8/12/2016 16:00,84.33,121.74,100.06,38.18,47.3
8/15/2016 16:00,84.19,122.78,100.4,38.6,47.59
8/16/2016 16:00,84.15,121.66,99.86,38.4,47.42
8/17/2016 16:00,84.28,121.4,100.03,38.26,47.42
8/18/2016 16:00,84.37,122.28,100.26,38.57,47.67
8/19/2016 16:00,84.2,122.23,100.12,38.34,47.35
8/22/2016 16:00,84.32,122.36,100.13,37.86,47.29
8/23/2016 16:00,84.36,123.15,100.33,37.67,47.43
8/24/2016 16:00,84.35,122.11,99.8,37.78,47.32
8/25/2016 16:00,84.26,122.34,99.72,37.77,47.23
8/26/2016 16:00,84.05,121.99,99.54,37.47,46.89
8/29/2016 16:00,84.34,122.79,100.06,37.75,47.07
8/30/2016 16:00,84.27,122.74,99.87,37.69,46.94
8/31/2016 16:00,84.21,122.29,99.64,37.33,46.7
9/1/2016 16:00,84.16,122.29,99.65,37.53,47
9/2/2016 16:00,84.04,123.52,100.11,38.1,47.54
9/6/2016 16:00,84.29,123.69,100.42,38.76,48.03
9/7/2016 16:00,84.3,124.21,100.41,38.71,48.09
9/8/2016 16:00,83.98,123.88,100.21,38.63,48.02
9/9/2016 16:00,83.61,120.06,97.8,37.41,46.95
9/12/2016 16:00,83.64,121.59,99.19,37.72,47.34
9/13/2016 16:00,83.4,119.3,97.8,36.34,45.91
9/14/2016 16:00,83.51,119.19,97.71,36.47,45.95
9/15/2016 16:00,83.58,120.5,98.71,37.05,46.4
9/16/2016 16:00,83.65,120.04,98.31,36.8,45.91
9/19/2016 16:00,83.59,120.82,98.35,37.11,46.22
9/20/2016 16:00,83.61,119.8,97.81,37.12,46.36
9/21/2016 16:00,83.85,121.47,98.86,38.02,47.27
9/22/2016 16:00,84.02,123.08,99.55,38.19,47.74
9/23/2016 16:00,84,122.18,99,37.69,47.24
9/26/2016 16:00,84.14,121.29,98.19,37.23,46.8
9/27/2016 16:00,84.24,121.54,98.79,37.62,47.09
9/28/2016 16:00,84.24,122.6,99.33,37.99,47.5
9/29/2016 16:00,84.25,121.18,98.42,37.36,46.96
9/30/2016 16:00,84.14,122.18,99.16,37.63,47.21
10/3/2016 16:00,83.89,121.52,98.88,37.88,47.18
10/4/2016 16:00,83.61,120.81,98.42,37.5,47.01
10/5/2016 16:00,83.47,121.46,98.83,38.07,47.35
10/6/2016 16:00,83.44,121.42,98.89,38.07,47.15
10/7/2016 16:00,83.51,120.49,98.53,37.94,46.85
10/10/2016 16:00,83.42,121.65,99.05,38.2,47.06
10/11/2016 16:00,83.29,119.66,97.79,37.49,46.32
10/12/2016 16:00,83.34,119.77,97.92,37.45,46.26
10/13/2016 16:00,83.44,119.12,97.59,37.22,46.07
10/14/2016 16:00,83.27,118.82,97.59,37.32,46.15
10/17/2016 16:00,83.45,118.61,97.3,37.25,46.06
10/18/2016 16:00,83.56,119.3,97.89,37.91,46.61
10/19/2016 16:00,83.62,119.81,98.13,38.11,46.77
10/20/2016 16:00,83.57,119.43,98.04,38.06,46.75
10/21/2016 16:00,83.64,119.28,97.99,38.07,46.69
10/24/2016 16:00,83.52,119.85,98.47,38.26,46.74
10/25/2016 16:00,83.52,118.87,98.12,38.23,46.69
10/26/2016 16:00,83.37,118.08,97.91,37.95,46.43
10/27/2016 16:00,83.14,116.76,97.64,37.66,46.32
10/28/2016 16:00,83.1,116.68,97.3,37.45,46.27
10/31/2016 16:00,83.19,117.22,97.36,37.75,46.31
11/1/2016 16:00,83,115.88,96.68,37.47,46.13
11/2/2016 16:00,83.08,114.58,96.04,37.04,45.74
11/3/2016 16:00,83.03,114.17,95.63,36.95,45.7
11/4/2016 16:00,83.18,114.59,95.54,36.56,45.26
11/7/2016 16:00,83.07,117.1,97.59,37.8,46.12
11/8/2016 16:00,82.92,117.42,98.08,37.98,46.27
11/9/2016 16:00,82.1,120.04,99.15,36.98,45.96
11/10/2016 16:00,81.75,120.9,99.31,35.91,45.66
11/11/2016 16:00,81.6,122.64,99.2,35.25,45.19
11/14/2016 16:00,81.29,124.52,99.21,35.08,44.91
11/15/2016 16:00,81.4,125.1,99.97,35.74,45.35
11/16/2016 16:00,81.57,124.99,99.87,35.45,44.88
11/17/2016 16:00,81.24,125.66,100.36,35.46,45.16
11/18/2016 16:00,81.04,125.78,100.13,35.38,44.78
11/21/2016 16:00,81.03,126.62,100.89,35.73,45.18
11/22/2016 16:00,81.1,127.56,101.09,36.12,45.4
11/23/2016 16:00,80.89,128.27,101.15,35.77,45.19
11/25/2016 16:00,80.92,128.7,101.52,35.96,45.37
11/28/2016 16:00,81.11,127.42,101.07,36.14,45.2
11/29/2016 16:00,81.17,127.46,101.22,36.16,45.42
11/30/2016 16:00,80.89,127.26,100.97,36.22,45.38
12/1/2016 16:00,80.43,126.71,100.58,35.81,45.26
12/2/2016 16:00,80.72,126.87,100.58,35.77,45.38
12/5/2016 16:00,80.82,128.53,101.21,36.01,45.74
12/6/2016 16:00,80.81,129.81,101.58,36.16,45.98
12/7/2016 16:00,81,131.11,102.89,36.7,46.64
12/8/2016 16:00,80.84,132.66,103.17,36.87,46.67
12/9/2016 16:00,80.6,132.57,103.72,36.7,46.81
12/12/2016 16:00,80.51,131.38,103.6,36.4,46.54
12/13/2016 16:00,80.6,131.55,104.28,36.77,47
12/14/2016 16:00,80.19,129.77,103.47,35.71,46.15
12/15/2016 16:00,80.07,130.46,103.85,35.87,46.12
12/16/2016 16:00,80.14,130.26,103.67,35.65,46.03
12/19/2016 16:00,80.35,131.09,103.89,35.41,45.98
12/20/2016 16:00,80.36,131.94,104.26,35.3,45.73
12/21/2016 16:00,80.48,131.32,104.04,35.19,45.66
12/22/2016 16:00,80.22,129.56,103.24,34.86,45.44
12/23/2016 16:00,80.26,130.12,103.39,35.03,45.57
12/27/2016 16:00,80.2,130.59,103.6,35.2,45.58
12/28/2016 16:00,80.4,129.13,102.75,35.42,45.55
12/29/2016 16:00,80.62,129.47,102.77,35.97,45.8
12/30/2016 16:00,80.79,128.96,102.37,35.78,45.88
1/3/2017 16:00,80.8,129.71,103.09,36.17,46.21
1/4/2017 16:00,80.86,131.88,103.8,36.5,46.72
1/5/2017 16:00,81.27,130.83,103.74,36.88,47.07
1/6/2017 16:00,80.95,130.65,104.13,36.73,46.97
1/9/2017 16:00,81.15,129.87,103.78,36.67,46.88
1/10/2017 16:00,81.13,130.82,103.83,36.87,46.96
1/11/2017 16:00,81.17,131.19,104.09,37.19,47.31
1/12/2017 16:00,81.19,130.48,103.86,37.28,47.38
1/13/2017 16:00,81.06,131.3,104.05,37.24,47.52
1/17/2017 16:00,81.31,129.94,103.74,37.2,47.4
1/18/2017 16:00,80.89,130.52,103.91,37.06,47.15
1/19/2017 16:00,80.75,129.55,103.62,36.96,47.11
1/20/2017 16:00,80.81,130.17,103.92,37.02,47.3
1/23/2017 16:00,81.03,129.75,103.68,37.53,47.52
1/24/2017 16:00,80.91,131.6,104.37,37.8,47.71
1/25/2017 16:00,80.67,132.66,105.24,38.13,48.21
1/26/2017 16:00,80.7,132.31,105.13,37.97,48.06
1/27/2017 16:00,80.79,131.65,105.01,38.01,47.95
1/30/2017 16:00,80.77,130.19,104.4,37.82,47.64
1/31/2017 16:00,80.94,130.93,104.36,37.84,47.75
2/1/2017 16:00,80.63,130.68,104.4,37.92,47.91
2/2/2017 16:00,80.68,130.68,104.46,38.05,47.97
2/3/2017 16:00,80.7,132.4,105.22,38.29,48.19
2/6/2017 16:00,80.95,131.63,105.05,38.2,47.91
2/7/2017 16:00,81.08,131.15,105.04,38.06,47.86
2/8/2017 16:00,81.3,131.17,105.21,38.36,48.01
2/9/2017 16:00,81.08,132.66,105.79,38.56,48.14
2/10/2017 16:00,81.06,133.54,106.21,38.91,48.4
2/13/2017 16:00,80.97,133.89,106.79,39.06,48.59
2/14/2017 16:00,80.8,134.3,107.21,39.12,48.55
2/15/2017 16:00,80.67,134.94,107.78,39.41,48.82
2/16/2017 16:00,80.82,134.6,107.65,39.3,48.86
2/17/2017 16:00,81.01,134.72,107.82,39.17,48.65
2/21/2017 16:00,81,135.84,108.46,39.49,48.93
2/22/2017 16:00,81.05,135.18,108.4,39.59,48.94
2/23/2017 16:00,81.2,134.5,108.44,39.61,48.99
2/24/2017 16:00,81.5,134.54,108.61,39.19,48.6
2/27/2017 16:00,81.33,135.66,108.77,39.03,48.56
2/28/2017 16:00,81.27,133.97,108.5,38.69,48.39
3/1/2017 16:00,80.78,136.14,109.93,39.31,48.95
3/2/2017 16:00,80.63,134.66,109.3,38.61,48.53
3/3/2017 16:00,80.69,134.72,109.35,38.94,48.77
3/6/2017 16:00,80.64,133.83,109.01,39,48.65
3/7/2017 16:00,80.49,132.95,108.65,39.05,48.54
3/8/2017 16:00,80.3,132.15,108.48,38.66,48.25
3/9/2017 16:00,80.05,131.63,108.58,38.33,48.31
3/10/2017 16:00,80.21,132.1,108.94,38.65,48.76
3/13/2017 16:00,80.05,132.46,109.06,39.14,49.03
3/14/2017 16:00,80.04,131.86,108.65,38.92,48.69
3/15/2017 16:00,80.54,133.84,109.58,39.83,49.48
3/16/2017 16:00,80.42,133.77,109.41,40.1,49.77
3/17/2017 16:00,80.58,133.98,109.25,40.06,49.76
3/20/2017 16:00,80.74,133.47,109.05,40.47,49.86
3/21/2017 16:00,80.93,130.53,107.66,39.96,49.51
3/22/2017 16:00,81.04,130.57,107.86,40.08,49.6
3/23/2017 16:00,81,130.97,107.76,40.1,49.71
3/24/2017 16:00,80.98,130.63,107.21,40.21,49.73
3/27/2017 16:00,81.15,130.66,107.08,40.09,49.8
3/28/2017 16:00,81,131.76,107.9,40.19,49.96
3/29/2017 16:00,81.16,132.33,108.01,40.25,50.02
3/30/2017 16:00,81.03,133.02,108.35,40.02,49.82
3/31/2017 16:00,81.08,133.28,108.09,39.72,49.68
4/3/2017 16:00,81.2,132.19,107.92,40.03,49.67
4/4/2017 16:00,81.11,132.12,107.97,40.12,49.71
4/5/2017 16:00,81.18,130.88,107.64,40.05,49.49
4/6/2017 16:00,81.21,132.03,107.91,39.98,49.49
4/7/2017 16:00,81.03,131.93,107.84,39.97,49.44
4/10/2017 16:00,81.11,132.34,107.89,39.78,49.4
4/11/2017 16:00,81.37,133.09,107.81,39.82,49.54
4/12/2017 16:00,81.56,131.51,107.38,39.96,49.55
4/13/2017 16:00,81.68,130.2,106.65,39.75,49.27
4/17/2017 16:00,81.63,131.75,107.56,40.09,49.67
4/18/2017 16:00,81.92,131.74,107.27,39.62,49.33
4/19/2017 16:00,81.77,132.02,107.12,39.33,49.11
4/20/2017 16:00,81.66,133.38,107.93,39.74,49.56
4/21/2017 16:00,81.68,133.09,107.61,39.7,49.54
4/24/2017 16:00,81.57,134.43,108.79,40.16,50.59
4/25/2017 16:00,81.32,135.44,109.47,40.45,50.89
4/26/2017 16:00,81.4,135.7,109.39,40.3,50.77
4/27/2017 16:00,81.46,135.77,109.49,40.17,50.7
4/28/2017 16:00,81.55,134.42,109.29,40.34,50.7
5/1/2017 16:00,81.23,134.92,109.5,40.5,50.93
5/2/2017 16:00,81.37,134.58,109.55,40.7,51.23
5/3/2017 16:00,81.28,133.85,109.4,40.41,51.08
5/4/2017 16:00,81.19,133.49,109.48,39.98,51.21
5/5/2017 16:00,81.24,134.64,109.97,40.21,51.7
5/8/2017 16:00,81.1,134.01,109.9,39.96,51.43
5/9/2017 16:00,81.06,133.78,109.85,40.41,51.4
5/10/2017 16:00,81.05,134.6,110,40.73,51.57
5/11/2017 16:00,81.11,133.81,109.77,40.71,51.46
5/12/2017 16:00,81.35,133.16,109.61,40.93,51.73
5/15/2017 16:00,81.33,134.17,110.16,41.31,52.09
5/16/2017 16:00,81.41,134.01,110.11,41.35,52.29
5/17/2017 16:00,81.85,131.1,108.18,40.73,51.6
5/18/2017 16:00,81.78,131.44,108.57,39.98,51.48
5/19/2017 16:00,81.83,132.33,109.31,40.69,52.19
5/22/2017 16:00,81.76,133.35,109.88,40.68,52.26
5/23/2017 16:00,81.59,133.47,110.09,40.66,52.26
5/24/2017 16:00,81.76,133.86,110.36,40.8,52.36
5/25/2017 16:00,81.76,133.92,110.88,41.01,52.38
5/26/2017 16:00,81.8,133.82,110.92,41.11,52.33
5/30/2017 16:00,81.92,132.89,110.8,41.04,52.22
5/31/2017 16:00,81.96,132.93,110.8,40.74,52.2
6/1/2017 16:00,81.81,135.02,111.68,41.04,52.59
6/2/2017 16:00,82.08,135.52,112.06,41.17,53.04
6/5/2017 16:00,81.95,134.88,111.99,41.17,52.83
6/6/2017 16:00,82.1,134.5,111.66,41.2,52.72
6/7/2017 16:00,81.99,134.4,111.85,41.17,52.74
6/8/2017 16:00,81.93,135.64,111.88,41.25,52.69
6/9/2017 16:00,81.86,135.99,111.76,40.97,52.45
6/12/2017 16:00,81.84,136.01,111.71,40.82,52.27
6/13/2017 16:00,81.86,136.99,112.22,41.01,52.7
6/14/2017 16:00,82.16,136.24,112.14,40.98,52.63
6/15/2017 16:00,82.07,135.65,111.91,40.62,52.11
6/16/2017 16:00,82.16,135.49,111.93,40.75,52.48
6/19/2017 16:00,82.04,136.5,112.8,41.02,52.71
6/20/2017 16:00,82.16,135.22,112.07,40.53,52.2
6/21/2017 16:00,82.2,134.4,111.6,40.43,51.56
6/22/2017 16:00,82.23,134.7,111.53,40.58,51.74
6/23/2017 16:00,82.25,135.49,111.69,40.73,51.87
6/26/2017 16:00,82.34,135.94,111.78,41.16,52.02
6/27/2017 16:00,82.06,134.72,110.87,40.73,51.9
6/28/2017 16:00,82.06,136.45,111.81,40.97,52.4
6/29/2017 16:00,81.89,135.45,110.87,40.51,51.86
6/30/2017 16:00,81.83,135.54,111.02,40.83,51.97
7/3/2017 16:00,81.5,136.49,111.31,41.02,52.01
7/5/2017 16:00,81.55,136.05,111.45,40.95,51.97
7/6/2017 16:00,81.36,134.15,110.47,40.5,51.66
7/7/2017 16:00,81.34,135.46,111.15,40.61,51.72
7/10/2017 16:00,81.38,134.98,111.3,40.9,51.88
7/11/2017 16:00,81.46,135.32,111.21,41.19,52.06
7/12/2017 16:00,81.65,136.33,112.05,41.97,52.56
7/13/2017 16:00,81.62,136.53,112.25,42.09,52.76
7/14/2017 16:00,81.65,136.98,112.73,42.52,53.23
7/17/2017 16:00,81.76,137.29,112.75,42.3,53.03
7/18/2017 16:00,81.95,136.96,112.83,42.37,53.17
7/19/2017 16:00,81.96,138.37,113.4,42.78,53.45
7/20/2017 16:00,82.01,138.37,113.48,42.69,53.65
7/21/2017 16:00,82.1,137.84,113.36,42.6,53.42
7/24/2017 16:00,82.06,138.13,113.34,42.76,53.42
7/25/2017 16:00,81.75,139.25,113.63,42.69,53.48
7/26/2017 16:00,81.95,138.54,113.61,43,53.77
7/27/2017 16:00,81.85,137.81,113.5,42.78,53.62
7/28/2017 16:00,82,137.37,113.36,42.94,53.62
7/31/2017 16:00,81.99,137.15,113.32,43.01,53.72
8/1/2017 16:00,81.98,137.47,113.54,43.19,54.06
8/2/2017 16:00,81.93,136.28,113.58,43.29,54.05
8/3/2017 16:00,82.1,135.76,113.39,43.13,53.96
8/4/2017 16:00,81.97,136.33,113.62,43.24,54.06
8/7/2017 16:00,82,136.4,113.79,43.58,54.12
8/8/2017 16:00,81.89,136.09,113.53,43.52,53.92
8/9/2017 16:00,81.95,135.02,113.5,43.28,53.76
8/10/2017 16:00,82.07,132.79,111.93,42.28,52.9
8/11/2017 16:00,82.14,133.13,112.07,42.41,52.91
8/14/2017 16:00,82.08,134.68,113.15,42.78,53.31
8/15/2017 16:00,81.94,133.9,113.15,42.75,53.2
8/16/2017 16:00,82.06,134.24,113.35,43.27,53.59
8/17/2017 16:00,82.21,131.95,111.6,42.72,52.94
8/18/2017 16:00,82.17,131.83,111.4,43.03,53.12
8/21/2017 16:00,82.21,131.81,111.53,43.14,53.23
8/22/2017 16:00,82.11,133.08,112.69,43.52,53.44
8/23/2017 16:00,82.35,132.86,112.29,43.73,53.53
8/24/2017 16:00,82.23,133.05,112.12,43.83,53.54
8/25/2017 16:00,82.33,133.44,112.31,44.2,53.88
8/28/2017 16:00,82.37,133.59,112.32,44.19,53.85
8/29/2017 16:00,82.46,133.48,112.42,44.1,53.63
8/30/2017 16:00,82.45,134.53,112.98,44.15,53.6
8/31/2017 16:00,82.52,135.87,113.64,44.3,54.01
9/1/2017 16:00,82.21,136.42,113.88,44.62,54.16
9/5/2017 16:00,82.55,135.15,113.06,44.28,53.75
9/6/2017 16:00,82.41,135.4,113.42,44.6,54.13
9/7/2017 16:00,82.67,135.04,113.39,44.82,54.54
9/8/2017 16:00,82.58,135.16,113.25,44.53,54.49
9/11/2017 16:00,82.33,136.61,114.48,45.05,54.96
9/12/2017 16:00,82.21,137.56,114.9,44.97,54.99
9/13/2017 16:00,82.11,137.54,114.95,44.67,54.74
9/14/2017 16:00,82.16,137.4,114.93,44.76,54.86
9/15/2017 16:00,82.17,137.87,115.09,45.06,55
9/18/2017 16:00,82.11,138.63,115.3,45.02,55.09
9/19/2017 16:00,82.05,138.47,115.44,45.06,55.28
9/20/2017 16:00,81.98,138.6,114.89,44.41,54.89
9/21/2017 16:00,81.96,138.27,114.57,44.45,54.79
9/22/2017 16:00,82.04,138.73,114.58,44.18,54.84
9/25/2017 16:00,82.22,138.83,114.38,43.36,54.49
9/26/2017 16:00,82.18,139.03,114.41,43.35,54.34
9/27/2017 16:00,81.93,140.68,114.85,43.11,54.29
9/28/2017 16:00,81.95,140.98,115.02,43.13,54.42
9/29/2017 16:00,81.96,141.32,115.4,43.57,54.73
10/2/2017 16:00,81.76,142.69,115.91,43.61,54.73
10/3/2017 16:00,81.8,142.99,116.19,44.21,55.04
10/4/2017 16:00,81.8,142.88,116.33,44.26,55
10/5/2017 16:00,81.74,143.25,117,44.54,55.02
10/6/2017 16:00,81.65,143.06,116.91,44.37,54.95
10/9/2017 16:00,81.73,142.6,116.68,44.22,54.94
10/10/2017 16:00,81.77,142.77,116.95,44.65,55.42
10/11/2017 16:00,81.81,142.79,117.17,44.78,55.67
10/12/2017 16:00,81.88,142.85,116.97,44.78,55.62
10/13/2017 16:00,82.05,142.77,117.11,45.18,55.99
10/16/2017 16:00,81.97,142.74,117.27,45.14,55.93
10/17/2017 16:00,81.98,142.54,117.36,44.92,55.78
10/18/2017 16:00,81.85,142.93,117.45,44.96,55.92
10/19/2017 16:00,81.89,142.81,117.51,44.63,55.69
10/20/2017 16:00,81.69,143.6,118.11,44.81,55.66
10/23/2017 16:00,81.76,142.72,117.69,44.41,55.51
10/24/2017 16:00,81.62,142.99,117.85,44.53,55.61
10/25/2017 16:00,81.55,142.16,117.29,44.43,55.41
10/26/2017 16:00,81.45,142.7,117.43,44.2,55.33
10/27/2017 16:00,81.63,143.59,118.38,44.74,55.55
10/30/2017 16:00,81.82,142.55,117.95,44.38,55.58
10/31/2017 16:00,81.77,143.53,118.12,44.63,55.84
11/1/2017 16:00,81.65,142.95,118.29,44.74,56.02
11/2/2017 16:00,81.73,143.22,118.3,44.88,56.14
11/3/2017 16:00,81.8,143.49,118.67,44.62,56.03
11/6/2017 16:00,81.86,143.89,118.83,45.05,56.22
11/7/2017 16:00,81.89,142.79,118.78,44.77,56.01
11/8/2017 16:00,81.83,143.09,118.96,44.93,56.22
11/9/2017 16:00,81.75,142.26,118.56,44.76,55.88
11/10/2017 16:00,81.42,142.36,118.51,44.59,55.73
11/13/2017 16:00,81.43,142.38,118.63,44.5,55.48
11/14/2017 16:00,81.53,142.02,118.37,44.2,55.42
11/15/2017 16:00,81.72,141.35,117.76,43.84,55.11
11/16/2017 16:00,81.61,143.1,118.76,44.62,55.74
11/17/2017 16:00,81.69,143.58,118.45,44.87,55.69
11/20/2017 16:00,81.64,144.27,118.65,45.06,55.78
11/21/2017 16:00,81.71,145.5,119.46,45.62,56.23
11/22/2017 16:00,81.88,145.45,119.35,45.77,56.39
11/24/2017 13:00,81.86,145.62,119.63,45.6,56.69
11/27/2017 16:00,81.83,145.07,119.58,45.13,56.27
11/28/2017 16:00,81.83,146.85,120.75,45.4,56.61
11/29/2017 16:00,81.63,147.2,120.7,44.77,56.22
11/30/2017 16:00,81.51,147.91,121.64,44.48,56.19
12/1/2017 16:00,81.56,147.63,121.47,44.05,56.1
12/4/2017 16:00,81.57,147.18,121.31,44.2,55.9
12/5/2017 16:00,81.67,145.96,120.86,44.13,55.82
12/6/2017 16:00,81.76,145.31,120.88,43.58,55.5
12/7/2017 16:00,81.65,146.49,121.27,43.64,55.64
12/8/2017 16:00,81.62,146.83,121.96,44.14,55.98
12/11/2017 16:00,81.56,146.77,122.36,44.43,56.1
12/12/2017 16:00,81.55,146.32,122.58,44.11,56.08
12/13/2017 16:00,81.78,146.7,122.52,44.59,56.39
12/14/2017 16:00,81.81,145.29,122.03,44.31,56.13
12/15/2017 16:00,81.82,146.95,123.07,44.43,56.1
12/18/2017 16:00,81.69,148.66,123.84,44.89,56.74
12/19/2017 16:00,81.44,147.9,123.36,44.77,56.57
12/20/2017 16:00,81.28,148.12,123.3,44.83,56.56
12/21/2017 16:00,81.33,147.93,122.96,45.06,56.3
12/22/2017 16:00,81.37,147.91,122.89,45.43,56.47
12/26/2017 16:00,81.24,148.1,122.77,45.48,56.5
12/27/2017 16:00,81.49,148.14,122.87,45.47,56.6
12/28/2017 16:00,81.44,148.64,123.08,45.69,56.7
12/29/2017 16:00,81.57,147.8,122.58,45.91,56.81
1/2/2018 16:00,81.34,148.98,123.49,46.7,57.38
1/3/2018 16:00,81.41,149.26,124.28,47.15,57.78
1/4/2018 16:00,81.37,149.46,124.8,47.44,58.26
1/5/2018 16:00,81.26,150.01,125.6,47.86,58.65
1/8/2018 16:00,81.27,150.39,125.88,47.87,58.62
1/9/2018 16:00,81.03,150.32,126.17,47.86,58.67
1/10/2018 16:00,81.04,150.02,125.98,47.65,58.47
1/11/2018 16:00,81.04,152.22,126.85,47.96,58.84
1/12/2018 16:00,81.03,152.71,127.71,48.47,59.41
1/16/2018 16:00,81.09,151.09,127.28,48.23,59.35
1/17/2018 16:00,81,152.35,128.46,48.91,59.76
1/18/2018 16:00,80.84,151.58,128.3,48.99,59.69
1/19/2018 16:00,80.67,153.36,128.87,49.45,59.96
1/22/2018 16:00,80.61,154.38,129.93,49.85,60.29
1/23/2018 16:00,80.82,154.97,130.23,50.03,60.53
1/24/2018 16:00,80.73,154.31,130.16,50.49,60.79
1/25/2018 16:00,80.95,154.27,130.21,50.31,60.57
1/26/2018 16:00,80.8,155.07,131.68,50.98,61.17
1/29/2018 16:00,80.69,153.94,130.85,50.18,60.54
1/30/2018 16:00,80.54,152.32,129.45,49.54,59.97
1/31/2018 16:00,80.56,151.78,129.58,49.84,60.06
2/1/2018 16:00,80.16,152.15,129.51,49.37,60.01
2/2/2018 16:00,79.92,149.31,126.7,48.26,58.7
2/5/2018 16:00,80.27,143.75,121.5,46.71,56.34
2/6/2018 16:00,80.01,145.23,123.69,47.87,57.7
2/7/2018 16:00,79.83,145.21,123.09,46.51,56.66
2/8/2018 16:00,79.77,140.43,118.59,44.96,55.1
2/9/2018 16:00,79.57,141.91,120.37,45.64,55.62
2/12/2018 16:00,79.59,143.43,121.98,46.27,56.4
2/13/2018 16:00,79.66,143.85,122.36,46.63,56.4
2/14/2018 16:00,79.4,146.43,124.06,47.59,57.41
2/15/2018 16:00,79.48,147.99,125.53,48.48,57.92
2/16/2018 16:00,79.65,148.35,125.6,48.3,58
2/20/2018 16:00,79.57,147.4,124.8,47.87,57.37
2/21/2018 16:00,79.27,147.03,124.16,47.81,57.23
2/22/2018 16:00,79.37,146.94,124.26,47.87,57.49
2/23/2018 16:00,79.58,148.83,126.28,48.65,58.12
2/26/2018 16:00,79.62,149.58,127.73,49.11,58.56
2/27/2018 16:00,79.45,147.51,126.14,47.79,57.56
2/28/2018 16:00,79.55,145.77,124.77,47.17,56.91
3/1/2018 16:00,79.52,145.17,123.13,47.16,56.32
3/2/2018 16:00,79.37,147,123.82,47.28,56.48
3/5/2018 16:00,79.32,148.51,125.22,47.42,56.71
3/6/2018 16:00,79.35,149.9,125.57,47.56,57.14
3/7/2018 16:00,79.33,150.7,125.53,47.55,57.08
3/8/2018 16:00,79.42,150.6,126.09,47.58,57.2
3/9/2018 16:00,79.32,152.88,128.28,48.43,57.74
3/12/2018 16:00,79.4,153.1,128.12,48.6,57.84
3/13/2018 16:00,79.42,152.43,127.3,48.13,57.43
3/14/2018 16:00,79.59,151.59,126.66,48.19,57.58
3/15/2018 16:00,79.6,151.02,126.55,48,57.5
3/16/2018 16:00,79.53,151.77,126.67,47.85,57.39
3/19/2018 16:00,79.47,150.29,124.99,47.4,56.89
3/20/2018 16:00,79.37,150.42,125.18,47.81,57.07
3/21/2018 16:00,79.37,151.03,124.97,48.07,57.23
3/22/2018 16:00,79.5,147.19,121.31,46.55,55.99
3/23/2018 16:00,79.52,144.37,118.75,45.87,55.35
3/26/2018 16:00,79.47,147.56,122.01,47.16,56.34
3/27/2018 16:00,79.74,145.06,119.84,46.46,55.73
3/28/2018 16:00,79.73,145.15,119.48,46.14,55.92
3/29/2018 16:00,79.93,146.92,121.21,46.98,56.55
4/2/2018 16:00,79.72,143.38,118.37,46.29,55.67
4/3/2018 16:00,79.63,145.24,119.91,46.74,56.19
4/4/2018 16:00,79.63,146.78,121.27,46.89,56.28
4/5/2018 16:00,79.52,147.85,122.15,46.99,56.65
4/6/2018 16:00,79.72,144.99,119.5,46.16,56.06
4/9/2018 16:00,79.8,145.01,119.95,46.12,56.48
4/10/2018 16:00,79.66,147.54,121.91,46.98,57.15
4/11/2018 16:00,79.72,147.63,121.29,47.04,56.98
4/12/2018 16:00,79.57,148.49,122.28,47.03,57.14
4/13/2018 16:00,79.63,147.92,121.92,46.54,57.05
4/16/2018 16:00,79.64,149.31,122.9,46.58,57.16
4/17/2018 16:00,79.67,150.68,124.23,46.62,57.41
4/18/2018 16:00,79.41,151.25,124.36,46.95,57.74
4/19/2018 16:00,79.22,150.28,123.67,46.69,57.49
4/20/2018 16:00,79.02,149.48,122.66,46.14,57.13
4/23/2018 16:00,78.98,149.41,122.64,45.83,56.96
4/24/2018 16:00,78.84,148.33,121.01,45.62,56.72
4/25/2018 16:00,78.73,148.31,121.21,45.28,56.54
4/26/2018 16:00,78.89,148.97,122.46,45.75,56.95
4/27/2018 16:00,79.01,148.77,122.58,45.99,57.09
4/30/2018 16:00,79.05,147.47,121.59,45.68,56.81
5/1/2018 16:00,78.75,147.9,121.83,45.42,56.68
5/2/2018 16:00,78.76,147.91,120.99,45.12,56.53
5/3/2018 16:00,78.83,147.47,120.74,44.98,56.65
5/4/2018 16:00,78.88,149.43,122.29,45.2,56.82
5/7/2018 16:00,78.84,150.59,122.75,45.08,56.73
5/8/2018 16:00,78.78,151.17,122.74,45.31,56.88
5/9/2018 16:00,78.69,152.22,123.94,45.37,56.94
5/10/2018 16:00,78.85,153,125.07,46.27,57.53
5/11/2018 16:00,78.93,153.27,125.31,46.11,57.6
5/14/2018 16:00,78.83,152.94,125.43,46.25,57.66
5/15/2018 16:00,78.46,152.76,124.57,45.37,57.12
5/16/2018 16:00,78.4,153.92,125.12,46.01,57.4
5/17/2018 16:00,78.33,154.43,125.06,45.37,57.27
5/18/2018 16:00,78.54,154.47,124.73,44.95,57.27
5/21/2018 16:00,78.54,155.59,125.68,45.24,57.4
5/22/2018 16:00,78.56,154.42,125.31,45.42,57.38
5/23/2018 16:00,78.8,154.57,125.64,45.22,56.89
5/24/2018 16:00,78.96,154.74,125.41,45.06,56.69
5/25/2018 16:00,79.13,154.57,125.2,45.17,56.48
5/29/2018 16:00,79.68,154.15,123.75,44.17,55.37
5/30/2018 16:00,79.44,156.35,125.32,44.56,56.09
5/31/2018 16:00,79.41,154.99,124.56,44.61,55.88
6/1/2018 16:00,79.09,156.12,125.84,45.11,56.39
6/4/2018 16:00,78.92,156.85,126.45,45.58,56.6
6/5/2018 16:00,78.99,157.56,126.55,45.18,56.48
6/6/2018 16:00,78.77,158.86,127.68,45.83,57.06
6/7/2018 16:00,78.97,158.46,127.52,45.13,56.61
6/8/2018 16:00,78.87,159.03,127.95,45.1,56.69
6/11/2018 16:00,78.8,159.37,128.12,45.04,56.94
6/12/2018 16:00,78.79,159.99,128.35,45.01,56.7
6/13/2018 16:00,78.74,159.09,127.91,44.68,56.66
6/14/2018 16:00,78.91,159.64,128.25,44.44,56.45
6/15/2018 16:00,78.92,159.46,128.18,44.2,56.07
6/18/2018 16:00,78.92,160.07,127.92,43.69,55.63
6/19/2018 16:00,79.05,159.8,127.38,43.19,55.05
6/20/2018 16:00,78.87,160.91,127.63,43.33,55.21
6/21/2018 16:00,78.91,159.34,126.79,42.72,54.7
6/22/2018 16:00,78.96,158.86,126.45,42.79,54.68
6/25/2018 16:00,78.95,156.27,124.72,42.23,53.93
6/26/2018 16:00,79.08,157.03,124.95,42.06,54
6/27/2018 16:00,79.27,154.87,123.88,41.13,53.33
6/28/2018 16:00,79.21,155.69,124.66,41.52,53.6
6/29/2018 16:00,79.19,155.67,124.76,42.2,54.1
7/2/2018 16:00,78.96,156.29,125.11,41.74,53.53
7/3/2018 13:00,79.12,156.73,124.58,41.78,53.65
7/5/2018 16:00,79.23,158.16,125.64,41.74,54
7/6/2018 16:00,79.32,159.6,126.69,42.25,54.29
7/9/2018 16:00,79.25,160.81,127.84,43.02,54.87
7/10/2018 16:00,79.2,160.44,128.28,42.98,54.87
7/11/2018 16:00,79.24,159.24,127.4,42.18,53.97
7/12/2018 16:00,79.3,160.13,128.53,42.77,54.43
7/13/2018 16:00,79.37,159.88,128.64,42.8,54.6
7/16/2018 16:00,79.26,159.15,128.52,42.56,54.49
7/17/2018 16:00,79.23,159.94,129.07,42.89,54.67
7/18/2018 16:00,79.19,160.47,129.34,42.85,54.66
7/19/2018 16:00,79.34,161.18,128.85,42.36,54.38
7/20/2018 16:00,79.16,160.62,128.74,42.91,54.8
7/23/2018 16:00,78.91,160.52,128.93,42.78,54.62
7/24/2018 16:00,79.03,158.92,129.48,43.42,55.03
7/25/2018 16:00,79.03,159.87,130.65,44.11,55.6
7/26/2018 16:00,79.03,160.58,130.31,43.68,55.31
7/27/2018 16:00,79.01,158.16,129.42,43.74,55.39
7/30/2018 16:00,78.92,156.97,128.64,43.68,55.42
7/31/2018 16:00,78.98,158.5,129.27,43.88,55.48
8/1/2018 16:00,78.75,158.56,129.14,43.55,55.23
8/2/2018 16:00,78.79,159.91,129.82,43.05,54.81
8/3/2018 16:00,78.96,159.77,130.39,43.32,54.94
8/6/2018 16:00,79.03,160.7,130.87,42.99,54.7
8/7/2018 16:00,78.89,161.05,131.32,43.38,55.01
8/8/2018 16:00,78.87,160.74,131.27,43.28,55.02
8/9/2018 16:00,79.02,160.98,131.12,43.22,54.87
8/10/2018 16:00,79.18,160.47,130.26,42.36,53.83
8/13/2018 16:00,79.19,159.52,129.73,41.68,53.42
8/14/2018 16:00,79.14,161.1,130.54,41.93,53.52
8/15/2018 16:00,79.23,159.47,129.57,40.7,52.65
8/16/2018 16:00,79.27,160.76,130.61,40.99,52.96
8/17/2018 16:00,79.36,161.64,131.04,41.34,53.31
8/20/2018 16:00,79.46,162.08,131.37,41.52,53.55
8/21/2018 16:00,79.42,163.67,131.64,41.97,53.94
8/22/2018 16:00,79.47,163.95,131.61,42.22,54.22
8/23/2018 16:00,79.47,163.5,131.36,41.56,53.71
8/24/2018 16:00,79.51,164.41,132.23,42.18,54.21
8/27/2018 16:00,79.41,165.05,133.23,42.87,54.92
8/28/2018 16:00,79.29,165.21,133.29,42.66,54.82
8/29/2018 16:00,79.24,165.82,134.05,42.9,55.07
8/30/2018 16:00,79.3,165.23,133.47,41.76,54.38
8/31/2018 16:00,79.32,165.66,133.48,42.04,54.15
9/4/2018 16:00,79.01,165.29,133.28,41.1,53.5
9/5/2018 16:00,79.03,164.76,132.89,40.66,53.01
9/6/2018 16:00,79.15,163.93,132.5,40.64,52.9
9/7/2018 16:00,78.9,163.66,132.18,40.46,52.52
9/10/2018 16:00,78.95,164.14,132.45,39.98,52.58
9/11/2018 16:00,78.78,164.48,132.94,40.03,52.66
9/12/2018 16:00,78.84,164.43,132.95,40.28,52.86
9/13/2018 16:00,78.89,164.69,133.73,40.79,53.33
9/14/2018 16:00,78.76,165.3,133.79,40.74,53.32
9/17/2018 16:00,78.75,163.5,133.03,40.42,53.28
9/18/2018 16:00,78.57,164.31,133.73,40.74,53.82
9/19/2018 16:00,78.45,163.59,133.88,41.29,54.13
9/20/2018 16:00,78.55,164.83,134.91,41.63,54.69
9/21/2018 16:00,78.6,164.29,134.81,41.8,54.72
9/24/2018 16:00,78.5,163.47,134.38,41.28,54.38
9/25/2018 16:00,78.44,163.65,134.23,41.54,54.69
9/26/2018 16:00,78.64,162.32,133.75,41.14,54.45
9/27/2018 16:00,78.7,162.5,134.19,41.26,54.39
9/28/2018 16:00,78.7,162.58,133.51,41,54
10/1/2018 16:00,78.37,160.95,133.96,41.1,54.09
10/2/2018 16:00,78.51,159.68,133.92,40.66,53.76
10/3/2018 16:00,78.11,160.64,134.06,40.32,53.56
10/4/2018 16:00,77.91,158.49,132.96,39.4,52.82
10/5/2018 16:00,77.77,157.19,132.2,39.22,52.54
10/8/2018 16:00,77.74,156.83,132.08,39.29,52.34
10/9/2018 16:00,77.89,156,131.91,39.19,52.16
10/10/2018 16:00,77.83,151.59,127.61,38.1,50.9
10/11/2018 16:00,78.05,148.67,124.92,37.76,50.22
10/12/2018 16:00,78.03,149.29,126.66,38.72,50.69
10/15/2018 16:00,78.01,149.83,126.02,38.34,50.48
10/16/2018 16:00,78.07,153.62,128.71,39.22,51.45
10/17/2018 16:00,77.93,153.18,128.73,38.75,51.02
10/18/2018 16:00,77.88,150.6,126.92,37.74,50.17
10/19/2018 16:00,77.84,149.26,126.73,38.09,50.46
10/22/2018 16:00,77.81,148.67,126.21,38.49,50.38
10/23/2018 16:00,77.92,147.36,125.54,38.11,49.85
10/24/2018 16:00,78.13,142.38,121.69,37,48.46
10/25/2018 16:00,78.04,145.09,123.98,37.7,49.08
10/26/2018 16:00,78.18,143.1,121.76,37.41,48.67
10/29/2018 16:00,78.11,142.45,120.98,36.68,48.39
10/30/2018 16:00,78,145.09,122.9,37.43,48.97
10/31/2018 16:00,77.84,146.13,124.28,37.86,49.38
11/1/2018 16:00,77.79,148.89,125.6,39.22,50.28
11/2/2018 16:00,77.5,149.19,124.84,39.36,50.56
11/5/2018 16:00,77.56,149.3,125.52,39.54,50.57
11/6/2018 16:00,77.55,149.97,126.28,39.39,50.68
11/7/2018 16:00,77.62,152.5,128.97,40.09,51.36
11/8/2018 16:00,77.49,151.91,128.72,39.12,50.78
11/9/2018 16:00,77.68,149.86,127.53,38.45,50.25
11/12/2018 16:00,77.8,147.13,125.06,37.94,49.45
11/13/2018 16:00,77.76,146.9,124.85,38.39,49.71
11/14/2018 16:00,77.82,145.84,123.98,38.69,49.86
11/15/2018 16:00,77.83,147.69,125.34,39.45,50.22
11/16/2018 16:00,78,148,125.6,39.59,50.22
11/19/2018 16:00,78,145.05,123.48,39.1,49.79
11/20/2018 16:00,77.95,142.6,121.23,38.28,48.78
11/21/2018 16:00,78.03,144.42,121.72,39,49.53
11/23/2018 13:00,78.02,144.39,120.92,38.59,49.22
11/26/2018 16:00,77.96,146.32,122.81,38.86,49.87
11/27/2018 16:00,78.01,145.23,123.21,39.14,49.75
11/28/2018 16:00,78.05,148.58,126.05,40.01,50.61
11/29/2018 16:00,78.11,148.41,125.82,39.74,50.36
11/30/2018 16:00,78.14,149.33,126.66,39.69,50.21
12/3/2018 16:00,78.07,150.88,128.28,40.48,50.93
12/4/2018 16:00,78.26,145.13,124.14,39.73,49.69
12/6/2018 16:00,78.4,144.92,124.01,39.41,49.28
12/7/2018 16:00,78.56,141.91,121.1,38.62,48.64
12/10/2018 16:00,78.64,141.25,121.3,38.17,48.22
12/11/2018 16:00,78.65,141.06,121.29,38.56,48.38
12/12/2018 16:00,78.57,142.15,121.96,39.14,49.14
12/13/2018 16:00,78.63,140.44,121.85,39.2,49.07
12/14/2018 16:00,78.7,138.49,119.63,38.71,48.39
12/17/2018 16:00,78.85,135.08,117.11,38.29,47.98
12/18/2018 16:00,78.97,135.11,117.14,38.53,48.04
12/19/2018 16:00,79.11,132.71,115.3,37.89,47.49
12/20/2018 16:00,79,130.48,113.54,38.18,47.43
12/21/2018 16:00,79,127.52,111.18,37.87,46.7
12/24/2018 13:00,78.82,123.92,107.63,37.32,45.72
12/26/2018 16:00,78.65,129.89,112.95,37.98,46.84
12/27/2018 16:00,78.82,130.61,113.87,37.9,46.85
12/28/2018 16:00,79.01,130.75,113.81,38.17,47.11
12/31/2018 16:00,79.21,131.99,114.86,38.1,47.22
1/2/2019 16:00,79.37,131.88,114.88,38.27,47.13
1/3/2019 16:00,79.68,129.63,112.08,37.67,46.6
1/4/2019 16:00,79.44,134.23,115.94,38.86,48.12
1/7/2019 16:00,79.32,136.46,116.82,38.94,48.27
1/8/2019 16:00,79.22,138.61,117.95,39.16,48.62
1/9/2019 16:00,79.33,139.83,118.53,39.73,49.27
1/10/2019 16:00,79.17,140.81,119.03,40.03,49.43
1/11/2019 16:00,79.33,141.01,118.99,39.78,49.11
1/14/2019 16:00,79.26,140,118.3,39.5,48.9
1/15/2019 16:00,79.27,141.16,119.65,39.76,49.21
1/16/2019 16:00,79.3,142.07,119.91,40.15,49.41
1/17/2019 16:00,79.21,143.38,120.86,40.34,49.63
1/18/2019 16:00,79.15,145.2,122.44,40.55,50.03
1/22/2019 16:00,79.29,142.98,120.83,39.87,49.27
1/23/2019 16:00,79.37,142.7,121.01,40.26,49.57
1/24/2019 16:00,79.54,143.73,121.17,40.6,49.75
1/25/2019 16:00,79.45,145.53,122.22,41,50.3
1/28/2019 16:00,79.48,145.12,121.27,40.57,50.03
1/29/2019 16:00,79.64,145,121.08,40.62,50.13
1/30/2019 16:00,79.72,146.47,123.05,41.34,50.73
1/31/2019 16:00,80.09,147.45,124.12,41.78,50.84
2/1/2019 16:00,79.67,148.1,124.22,41.47,50.76
2/4/2019 16:00,79.6,149.58,125.07,41.56,50.93
2/5/2019 16:00,79.77,150.09,125.63,42.03,51.38
2/6/2019 16:00,79.74,149.9,125.44,41.53,51.02
2/7/2019 16:00,79.8,148.86,124.27,41.14,50.35
2/8/2019 16:00,79.92,149.12,124.43,40.98,50.16
2/11/2019 16:00,79.89,150.01,124.52,40.74,50.06
2/12/2019 16:00,79.88,151.78,126.13,41.14,50.59
2/13/2019 16:00,79.76,152.22,126.51,40.85,50.52
2/14/2019 16:00,79.9,152.42,126.21,40.93,50.54
2/15/2019 16:00,79.93,154.31,127.6,40.86,51.05
2/19/2019 16:00,80,154.52,127.84,41.28,51.32
2/20/2019 16:00,79.97,154.93,128.03,41.46,51.56
2/21/2019 16:00,79.81,154.37,127.61,41.37,51.4
2/22/2019 16:00,79.99,155.85,128.39,41.84,51.72
2/25/2019 16:00,79.96,155.89,128.58,42.4,51.95
2/26/2019 16:00,80.07,154.79,128.5,42.27,52.13
2/27/2019 16:00,79.91,155.23,128.47,41.94,51.88
2/28/2019 16:00,79.82,154.61,128.19,41.62,51.67
3/1/2019 16:00,79.39,156,129.04,41.67,51.81
3/4/2019 16:00,79.53,154.77,128.52,41.82,51.75
3/5/2019 16:00,79.59,154.28,128.35,42.31,51.85
3/6/2019 16:00,79.69,151.84,127.5,42.1,51.68
3/7/2019 16:00,79.92,150.64,126.5,41.42,50.99
3/8/2019 16:00,80.02,150.35,126.26,41.12,50.88
3/11/2019 16:00,79.98,152.74,128.1,41.96,51.48
3/12/2019 16:00,80.17,153.03,128.52,42.13,51.56
3/13/2019 16:00,80.13,153.78,129.4,42.22,51.88
3/14/2019 16:00,80.06,153.38,129.33,42,51.8
3/15/2019 16:00,80.21,153.75,129.95,42.57,52.33
3/18/2019 16:00,80.16,154.62,130.45,43.05,52.63
3/19/2019 16:00,80.12,153.85,130.47,43.06,52.68
3/20/2019 16:00,80.47,152.7,130.01,43.05,52.69
3/21/2019 16:00,80.49,154.81,131.5,43.15,52.7
3/22/2019 16:00,80.93,150.04,128.99,41.85,51.57
3/25/2019 16:00,81.03,150.31,128.84,41.96,51.45
3/26/2019 16:00,81.05,151.93,129.78,42.1,51.75
3/27/2019 16:00,81.2,151.24,129.15,41.64,51.59
3/28/2019 16:00,81.24,152.16,128.92,42,51.62
3/29/2019 16:00,81.18,152.8,129.8,42.5,51.9
4/1/2019 16:00,80.66,154.71,131.28,43.14,52.57
4/2/2019 16:00,80.7,154.45,131.31,43.01,52.62
4/3/2019 16:00,80.59,155.19,131.58,43.22,52.95
4/4/2019 16:00,80.67,155.64,131.81,43.5,53
4/5/2019 16:00,80.73,156.93,132.46,43.85,53.14
4/8/2019 16:00,80.65,156.81,132.59,43.82,53.13
4/9/2019 16:00,80.77,155.06,131.86,43.76,52.96
4/10/2019 16:00,80.88,156.81,132.35,43.97,53.12
4/11/2019 16:00,80.74,156.9,132.38,43.46,52.94
4/12/2019 16:00,80.59,157.78,133.23,43.73,53.34
4/15/2019 16:00,80.61,157.41,133.2,43.5,53.29
4/16/2019 16:00,80.47,157.51,133.24,43.85,53.49
4/17/2019 16:00,80.47,155.99,132.89,43.96,53.55
4/18/2019 16:00,80.58,156.01,133.12,44.01,53.51
4/22/2019 16:00,80.5,155.45,133.26,43.75,53.41
4/23/2019 16:00,80.64,157.76,134.47,43.85,53.54
4/24/2019 16:00,80.85,158.26,134.19,43.34,53.03
4/25/2019 16:00,80.83,156.97,134.11,43.26,52.94
4/26/2019 16:00,81.01,158.38,134.75,43.46,53.22
4/29/2019 16:00,80.84,158.75,134.94,43.38,53.35
4/30/2019 16:00,80.96,158.28,135.03,43.41,53.34
5/1/2019 16:00,80.77,156.69,134.02,43.17,53.06
5/2/2019 16:00,80.59,157.1,133.73,43.23,52.98
5/3/2019 16:00,80.74,159.74,135.05,43.79,53.52
5/6/2019 16:00,80.84,159.65,134.48,42.86,52.87
5/7/2019 16:00,80.96,156.55,132.28,42.05,51.97
5/8/2019 16:00,80.9,156.01,132.06,41.94,52.02
5/9/2019 16:00,80.98,155.6,131.68,41.35,51.6
5/10/2019 16:00,80.97,155.9,132.27,41.69,51.98
5/13/2019 16:00,81.14,151.23,128.98,40.28,50.68
5/14/2019 16:00,81.19,153.04,130.12,40.84,51.19
5/15/2019 16:00,81.31,153.63,130.97,40.95,51.35
5/16/2019 16:00,81.19,154.71,132.19,40.85,51.59
5/17/2019 16:00,81.21,152.94,131.37,40.07,51.16
5/20/2019 16:00,81.11,151.56,130.48,39.93,50.96
5/21/2019 16:00,81.07,153.72,131.61,40.47,51.3
5/22/2019 16:00,81.22,152.41,131.27,40.3,51.13
5/23/2019 16:00,81.51,149.9,129.61,39.79,50.61
5/24/2019 16:00,81.51,150.83,129.87,39.85,51.02
5/28/2019 16:00,81.68,149.54,128.7,39.97,50.7
5/29/2019 16:00,81.66,148.53,127.83,40.31,50.53
5/30/2019 16:00,81.88,148.46,128.2,40.49,50.71
5/31/2019 16:00,82.24,146.92,126.47,40.64,50.45
6/3/2019 16:00,82.28,147.23,126.05,40.88,50.76
6/4/2019 16:00,82.14,150.88,128.83,40.89,51.26
6/5/2019 16:00,82.14,151.4,129.98,40.59,51.14
6/6/2019 16:00,82.12,151.57,130.77,40.58,51.26
6/7/2019 16:00,82.34,152.51,132.09,40.87,51.85
6/10/2019 16:00,82.17,153.47,132.76,41.25,52.06
6/11/2019 16:00,82.11,153.09,132.7,41.68,52.4
6/12/2019 16:00,82.25,153.12,132.4,41.23,51.94
6/13/2019 16:00,82.39,154.38,133.08,41.27,52
6/14/2019 16:00,82.4,153.08,132.85,40.76,51.58
6/17/2019 16:00,82.4,153.69,132.93,40.65,51.63
6/18/2019 16:00,82.59,155.41,134.27,41.57,52.45
6/19/2019 16:00,82.87,156.04,134.71,41.86,52.8
6/20/2019 16:00,83,156.83,135.97,42.51,53.36
6/21/2019 16:00,82.77,155.74,135.74,42.34,52.54
6/24/2019 16:00,82.92,154.3,135.47,42.37,52.59
6/25/2019 16:00,82.95,153.27,134.19,41.91,52.22
6/26/2019 16:00,82.76,152.85,133.98,42.32,52.38
6/27/2019 16:00,83,154.67,133.99,42.56,52.55
6/28/2019 16:00,83.07,156.66,134.72,42.53,52.75
7/1/2019 16:00,82.87,157.47,135.82,43.14,53.06
7/2/2019 16:00,83.03,156.95,136.17,43.08,53.25
7/3/2019 13:00,83.18,158.28,137.3,43.13,53.44
7/5/2019 16:00,82.79,158.6,137.12,42.83,53.09
7/8/2019 16:00,82.78,157.18,136.38,42.66,52.76
7/9/2019 16:00,82.67,157.34,136.61,42.55,52.56
7/10/2019 16:00,82.74,157.63,137.23,42.83,52.8
7/11/2019 16:00,82.47,157.21,137.56,42.74,52.83
7/12/2019 16:00,82.54,158.44,138.23,42.74,52.87
7/15/2019 16:00,82.66,157.95,138.28,42.94,52.96
7/16/2019 16:00,82.55,157.89,137.8,42.86,52.79
7/17/2019 16:00,82.8,156.8,136.93,42.76,52.69
7/18/2019 16:00,82.95,157.36,137.42,43.03,52.86
7/19/2019 16:00,82.86,156.64,136.63,42.75,52.69
7/22/2019 16:00,82.95,156.64,136.99,42.7,52.77
7/23/2019 16:00,82.88,157.96,137.87,42.7,53
7/24/2019 16:00,82.96,160.07,138.58,42.83,53
7/25/2019 16:00,82.87,158.42,137.93,42.58,52.51
7/26/2019 16:00,82.87,159.98,138.83,42.62,52.65
7/29/2019 16:00,82.92,159.03,138.59,42.61,52.67
7/30/2019 16:00,82.9,160.23,138.25,42.19,52.1
7/31/2019 16:00,83,158.54,136.76,41.76,51.7
8/1/2019 16:00,83.4,156.11,135.55,41,51.32
8/2/2019 16:00,83.48,154.53,134.52,40.61,50.94
8/5/2019 16:00,83.84,149.96,130.46,39.18,49.55
8/6/2019 16:00,84.05,151.73,132.19,39.8,49.97
8/7/2019 16:00,84.05,152.12,132.44,39.97,50.19
8/8/2019 16:00,84.12,155.28,134.93,40.49,50.77
8/9/2019 16:00,83.97,153.4,134.06,40.09,50.38
8/12/2019 16:00,84.34,151.26,132.43,39.64,49.89
8/13/2019 16:00,84.21,152.99,134.37,40.11,50.44
8/14/2019 16:00,84.51,148.62,130.49,39,49.02
8/15/2019 16:00,84.92,148.51,130.76,39.22,49.2
8/16/2019 16:00,84.83,151.39,132.76,39.74,49.82
8/19/2019 16:00,84.56,152.75,134.26,39.87,50.06
8/20/2019 16:00,84.78,151.71,133.3,39.94,49.96
8/21/2019 16:00,84.74,152.94,134.41,40.25,50.34
8/22/2019 16:00,84.58,152.82,134.36,39.84,50.15
8/23/2019 16:00,84.89,148.81,130.94,39.27,49.47
8/26/2019 16:00,84.84,150.11,132.31,39.52,49.85
8/27/2019 16:00,85.13,148.45,131.76,39.54,49.8
8/28/2019 16:00,85.16,149.82,132.72,39.69,49.9
8/29/2019 16:00,85.11,152.31,134.43,40.15,50.31
8/30/2019 16:00,85.1,152.25,134.34,40.4,50.58
9/3/2019 16:00,84.99,150.32,133.53,40.19,50.38
9/4/2019 16:00,85.15,151.91,135.03,40.85,51.14
9/5/2019 16:00,84.71,154.42,136.82,41.16,51.53
9/6/2019 16:00,84.81,154.04,136.92,41.29,51.69
9/9/2019 16:00,84.42,154.76,136.85,41.4,51.75
9/10/2019 16:00,83.99,155.65,136.9,41.4,51.84
9/11/2019 16:00,83.94,157.87,137.8,41.71,52.13
9/12/2019 16:00,83.78,157.99,138.25,41.97,52.43
9/13/2019 16:00,83.3,157.88,138.15,42.19,52.73
9/16/2019 16:00,83.52,158.01,137.29,41.85,52.31
9/17/2019 16:00,83.71,157.8,137.6,41.9,52.47
9/18/2019 16:00,83.77,157.15,137.73,41.69,52.37
9/19/2019 16:00,83.89,156.66,137.72,41.43,52.45
9/20/2019 16:00,84.19,156.32,137.03,41.5,52.4
9/23/2019 16:00,84.25,156.36,137.08,41.65,52.34
9/24/2019 16:00,84.54,154.41,135.88,40.63,51.76
9/25/2019 16:00,84.14,155.71,136.71,40.67,51.72
9/26/2019 16:00,84.28,154.53,136.44,40.65,51.77
9/27/2019 16:00,84.37,153.32,135.59,40.14,51.46
9/30/2019 16:00,84.43,153.89,136.33,40.26,51.66
10/1/2019 16:00,84.33,151.29,134.65,39.98,51.19
10/2/2019 16:00,84.52,149.41,132.26,39.79,50.39
10/3/2019 16:00,84.8,150.42,133.43,40.27,50.78
10/4/2019 16:00,84.94,152.08,135.19,40.46,51.12
10/7/2019 16:00,84.72,151.51,134.69,40.15,50.95
10/8/2019 16:00,84.76,149.04,132.52,39.81,50.52
10/9/2019 16:00,84.66,150.04,133.78,40.11,50.92
10/10/2019 16:00,84.4,150.59,134.66,40.54,51.3
10/11/2019 16:00,84.09,153.19,136.12,41.08,52.12
10/14/2019 16:00,84.23,152.56,135.95,40.99,51.91
10/15/2019 16:00,84.01,154.01,137.34,41.27,52.45
10/16/2019 16:00,84.1,153.68,137.06,41.38,52.56
10/17/2019 16:00,84.1,155.01,137.44,41.51,52.7
10/18/2019 16:00,84.14,154.47,136.84,41.4,52.6
10/21/2019 16:00,83.94,155.47,137.78,41.7,52.92
10/22/2019 16:00,84.09,155.3,137.27,41.67,52.87
10/23/2019 16:00,84.13,155.42,137.6,41.69,53.06
10/24/2019 16:00,84.14,155.64,137.94,41.74,53.15
10/25/2019 16:00,84,156.31,138.58,41.93,53.26
10/28/2019 16:00,83.82,157.48,139.37,42.26,53.49
10/29/2019 16:00,83.84,157.8,139.27,42.02,53.4
10/30/2019 16:00,84.11,157.54,139.69,42.18,53.6
10/31/2019 16:00,84.51,156.43,139.29,41.85,53.43
11/1/2019 16:00,84.25,158.8,140.64,42.5,53.95
11/4/2019 16:00,84.01,159.79,141.14,42.81,54.26
11/5/2019 16:00,83.72,159.98,140.96,43.02,54.35
11/6/2019 16:00,83.9,159.27,140.94,42.95,54.26
11/7/2019 16:00,83.47,159.41,141.46,43.24,54.47
11/8/2019 16:00,83.39,160.14,141.83,42.85,54.34
11/11/2019 16:00,83.44,160,141.62,42.61,54.16
11/12/2019 16:00,83.49,159.96,141.89,42.29,54.1
11/13/2019 16:00,83.64,159.55,141.93,42.02,53.9
11/14/2019 16:00,83.88,159.83,142.18,42,53.84
11/15/2019 16:00,83.85,161.03,143.19,42.28,54.2
11/18/2019 16:00,83.97,160.73,143.3,42.27,54.23
11/19/2019 16:00,84.06,161.02,143.33,42.42,54.19
11/20/2019 16:00,84.29,160.52,142.84,42.26,53.91
11/21/2019 16:00,84.15,159.73,142.61,42.31,53.81
11/22/2019 16:00,84.2,160.11,142.98,42.23,53.92
11/25/2019 16:00,84.28,162.63,144.03,42.61,54.32
11/26/2019 16:00,84.42,163.18,144.38,42.44,54.32
11/27/2019 16:00,84.29,164.26,145,42.57,54.44
11/29/2019 13:00,84.29,163,144.45,42.06,53.96
12/2/2019 16:00,83.89,161.28,143.23,42.07,53.74
12/3/2019 16:00,84.34,160.68,142.29,41.9,53.56
12/4/2019 16:00,84.17,161.79,143.16,42.27,54.02
12/5/2019 16:00,84.08,161.85,143.37,42.49,54.02
12/6/2019 16:00,83.97,163.38,144.65,42.65,54.48
12/9/2019 16:00,83.99,162.73,144.18,42.49,54.2
12/10/2019 16:00,83.93,162.52,144.08,42.58,54.3
12/11/2019 16:00,84.21,162.54,144.44,43.15,54.66
12/12/2019 16:00,83.81,163.92,145.65,43.74,55.2
12/13/2019 16:00,84.19,163.34,145.67,43.69,55.43
12/16/2019 16:00,83.96,164.34,146.74,44.06,55.96
12/17/2019 16:00,83.97,164.88,146.73,44.39,55.89
12/18/2019 16:00,83.86,165.29,146.78,44.63,55.93
12/19/2019 16:00,83.92,165.93,147.45,44.66,55.9
12/20/2019 16:00,83.94,166.62,148.12,44.7,55.92
12/23/2019 16:00,83.7,166.74,148.31,44.22,55.38
12/24/2019 13:00,83.78,165.98,147.59,44.18,55.39
12/26/2019 16:00,83.86,166.27,148.31,44.55,55.63
12/27/2019 16:00,83.98,165.76,148.26,44.61,55.9
12/30/2019 16:00,83.95,165.26,147.44,44.36,55.47
12/31/2019 16:00,83.86,165.64,147.84,44.47,55.69
1/2/2020 16:00,83.97,165.93,149.21,45.53,56.31
1/3/2020 16:00,84.27,165.33,148.12,44.72,55.62
1/6/2020 16:00,84.17,165.55,148.73,44.64,55.7
1/7/2020 16:00,84.1,165.18,148.36,44.62,55.6
1/8/2020 16:00,83.97,165.71,149.1,44.82,55.7
1/9/2020 16:00,84.07,166.08,150.15,45.05,55.95
1/10/2020 16:00,84.21,165.54,149.7,45.27,55.88
1/13/2020 16:00,84.16,166.9,150.76,45.89,56.3
1/14/2020 16:00,84.28,167.47,150.54,45.68,56.31
1/15/2020 16:00,84.41,167.86,150.9,45.39,56.16
1/16/2020 16:00,84.36,169.81,152.2,45.62,56.46
1/17/2020 16:00,84.35,169.41,152.64,45.91,56.64
1/21/2020 16:00,84.56,168.53,152.42,44.77,56.02
1/22/2020 16:00,84.63,168.42,152.51,45.04,56.2
1/23/2020 16:00,84.78,168.55,152.69,44.63,56
1/24/2020 16:00,84.91,166.58,151.25,44.29,55.68
1/27/2020 16:00,85.19,164.35,148.95,42.8,54.46
1/28/2020 16:00,85.04,166.05,150.43,43.16,54.87
1/29/2020 16:00,85.28,165.51,150.3,43.36,54.9
1/30/2020 16:00,85.3,165.46,150.88,42.77,54.7
1/31/2020 16:00,85.52,162.3,148.23,42.01,53.8
2/3/2020 16:00,85.26,163.74,149.46,42.31,53.9
2/4/2020 16:00,85,166.31,151.79,43.32,54.85
2/5/2020 16:00,84.86,168.23,153.29,43.56,55.35
2/6/2020 16:00,84.94,167.77,153.84,43.54,55.48
2/7/2020 16:00,85.2,166.01,153.09,42.95,54.93
2/10/2020 16:00,85.33,167.06,154.2,43.22,55.04
2/11/2020 16:00,85.19,168.24,154.56,43.77,55.44
2/12/2020 16:00,85.09,169.4,155.47,44.33,55.84
2/13/2020 16:00,85.17,169.83,155.39,43.86,55.41
2/14/2020 16:00,85.26,169.74,155.63,43.77,55.38
2/18/2020 16:00,85.39,169.25,155.37,43.62,55.04
2/19/2020 16:00,85.38,169.99,156.13,43.98,55.3
2/20/2020 16:00,85.59,170.48,155.47,43.38,54.85
2/21/2020 16:00,85.8,168.43,153.92,43.22,54.56
2/24/2020 16:00,86.07,163.43,148.71,41.7,52.54
2/25/2020 16:00,86.14,157.97,144.24,41.37,51.82
2/26/2020 16:00,86.09,155.9,143.61,41.63,51.92
2/27/2020 16:00,86.19,150.15,137.13,40.63,50.44
2/28/2020 16:00,86.76,148.45,136.17,40.52,50.25
3/2/2020 16:00,86.53,152.6,142.5,41.3,50.8
3/3/2020 16:00,87.05,149.07,138.52,41.1,50.34
3/4/2020 16:00,87.03,153.78,144.34,41.68,51.64
3/5/2020 16:00,87.36,148.56,139.55,40.88,50.4
3/6/2020 16:00,87.96,145.58,137.16,40.11,49.65
3/9/2020 16:00,87.77,131.72,126.56,37.12,45.73
3/10/2020 16:00,86.59,136.33,132.85,38.99,47.5
3/11/2020 16:00,84.95,127.56,126.16,37.3,45.14
3/12/2020 16:00,80.33,114.12,114.3,33.55,40.29
3/13/2020 16:00,83.72,122.64,124.45,35.9,42.85
3/16/2020 16:00,84.6,106.6,109.53,31.56,38.08
3/17/2020 16:00,82.85,111.09,116.88,33.54,40.05
3/18/2020 16:00,80.85,101.38,110.67,30.81,37.33
3/19/2020 16:00,80.8,104.42,110.66,30.98,37.75
3/20/2020 16:00,82.17,101.42,105.92,31.12,37.62
3/23/2020 16:00,83.99,98.45,102.61,30.46,36.75
3/24/2020 16:00,84.08,108.47,112.59,32.38,39.83
3/25/2020 16:00,85.21,111.89,114.24,33.44,41.27
3/26/2020 16:00,85.6,118.06,120.11,34.79,42.89
3/27/2020 16:00,86.06,114.46,116.75,32.91,41.41
3/30/2020 16:00,86.15,116.79,120.46,33.39,42.18
3/31/2020 16:00,85.35,115.44,118.43,33.55,41.96
4/1/2020 16:00,85.6,108.43,113.24,32.36,40.36
4/2/2020 16:00,86,109.19,115.75,33.31,41.29
4/3/2020 16:00,85.96,106.26,114.04,32.67,40.43
4/6/2020 16:00,86.23,114.97,121.64,34.28,42.5
4/7/2020 16:00,86.31,115.63,121.83,34.48,42.79
4/8/2020 16:00,86.53,121.24,125.97,34.88,43.21
4/9/2020 16:00,87.48,125.77,127.99,34.82,43.9
4/13/2020 16:00,87.2,122.4,126.8,34.95,43.74
4/14/2020 16:00,87.2,125.15,130.59,35.65,44.51
4/15/2020 16:00,87.63,120.51,127.85,34.86,43.26
4/16/2020 16:00,87.68,120.09,128.63,35.06,43.27
4/17/2020 16:00,87.56,124.9,132.02,35.63,44.4
4/20/2020 16:00,87.42,123.1,129.85,35.37,43.76
4/21/2020 16:00,87.53,119.79,125.72,34.39,42.82
4/22/2020 16:00,87.46,121.58,128.7,35.28,43.69
4/23/2020 16:00,87.6,122.58,128.59,35.14,43.59
4/24/2020 16:00,87.57,124.56,130.43,35.09,43.95
4/27/2020 16:00,87.26,129.27,132.44,35.75,44.57
4/28/2020 16:00,87.52,130.6,131.69,35.84,44.89
4/29/2020 16:00,87.58,136.24,135.27,36.81,46.07
4/30/2020 16:00,87.51,132.24,133.79,36.17,45.15
5/1/2020 16:00,87.3,127.63,130.29,34.96,44.06
5/4/2020 16:00,87.39,128.09,130.77,35.4,44.13
5/5/2020 16:00,87.31,129.21,131.93,35.56,44.29
5/6/2020 16:00,86.92,128.75,131.21,35.47,44.11
5/7/2020 16:00,87.2,130.95,132.86,35.7,44.65
5/8/2020 16:00,86.95,135.21,135.03,36.5,45.39
5/11/2020 16:00,86.68,134.5,135.2,36.32,45.35
5/12/2020 16:00,86.96,130.1,132.45,36.21,44.89
5/13/2020 16:00,87.06,125.64,130.04,36.1,44.56
5/14/2020 16:00,87.3,126.85,131.62,36.21,44.37
5/15/2020 16:00,87.35,128.24,132.27,35.76,44.22
5/18/2020 16:00,87.19,135.33,136.27,37.11,45.94
5/19/2020 16:00,87.3,133.67,134.95,36.74,45.47
5/20/2020 16:00,87.53,136.69,137.18,37.2,46.24
5/21/2020 16:00,87.62,136.95,136.27,36.82,45.78
5/22/2020 16:00,87.65,137.55,136.6,36.12,45.45
5/26/2020 16:00,87.6,141.35,138.21,36.92,46.71
5/27/2020 16:00,87.64,144.73,140.17,36.96,47.14
5/28/2020 16:00,87.67,142.61,140.05,36.72,47.35
5/29/2020 16:00,87.92,142.36,140.69,37.36,47.41
6/1/2020 16:00,87.68,144.3,141.35,38.21,48.43
6/2/2020 16:00,87.75,145.51,142.54,39.1,49.15
6/3/2020 16:00,87.55,149.29,144.53,39.86,50.21
6/4/2020 16:00,87.34,148.98,143.92,39.36,49.86
6/5/2020 16:00,87.33,153.67,147.59,40.27,50.83
6/8/2020 16:00,87.42,156.76,149.5,40.59,51.42
6/9/2020 16:00,87.48,153.67,148.43,40.37,50.86
6/10/2020 16:00,87.85,150.2,147.58,40.57,50.8
6/11/2020 16:00,87.69,139.83,139.02,38.5,48.06
6/12/2020 16:00,87.78,142.79,140.82,39.38,48.99
6/15/2020 16:00,87.96,145.52,142.16,39.22,49.04
6/16/2020 16:00,87.85,148.44,144.81,39.37,49.6
6/17/2020 16:00,87.87,146.71,144.21,39.73,49.73
6/18/2020 16:00,87.97,146.58,144.34,39.74,49.62
6/19/2020 16:00,88,145.96,143.64,39.81,49.42
6/22/2020 16:00,87.97,146.69,144.52,40.07,49.8
6/23/2020 16:00,87.93,147.17,145.2,40.47,50.1
6/24/2020 16:00,87.94,142.34,141.5,39.86,49.02
6/25/2020 16:00,88.03,143.92,142.36,40.03,49.52
6/26/2020 16:00,88.19,140.71,138.96,39.55,48.87
6/29/2020 16:00,88.25,143.87,141.07,39.81,49.26
6/30/2020 16:00,88.34,145.72,143,39.61,49.17
7/1/2020 16:00,88.2,145.24,144.11,40.14,49.42
7/2/2020 16:00,88.34,145.9,144.77,41.09,50.15
7/6/2020 16:00,88.31,147.27,147.14,42.9,51.27
7/7/2020 16:00,88.45,144.8,145.63,42.22,50.56
7/8/2020 16:00,88.4,145.97,146.94,43.35,51.21
7/9/2020 16:00,88.64,144.04,146.19,43.38,50.76
7/10/2020 16:00,88.54,145.7,147.7,43.08,51.02
7/13/2020 16:00,88.58,143.34,146.13,42.87,50.69
7/14/2020 16:00,88.69,145.48,148.08,42.89,51.26
7/15/2020 16:00,88.7,150.05,149.51,42.93,51.71
7/16/2020 16:00,88.76,149.37,148.91,42.32,51.25
7/17/2020 16:00,88.85,149.88,149.47,42.51,51.54
7/20/2020 16:00,88.94,149.88,150.82,43.11,51.89
7/21/2020 16:00,88.99,151.26,151.08,43.43,52.18
7/22/2020 16:00,89.11,152.24,151.84,43.28,52.2
7/23/2020 16:00,89.19,152.1,149.91,42.99,51.8
7/24/2020 16:00,89.17,150.23,148.99,42.88,51.61
7/27/2020 16:00,89.11,151.7,150.1,43.48,52.35
7/28/2020 16:00,89.15,150.34,149.14,43.01,51.98
7/29/2020 16:00,89.29,153.66,150.98,43.77,52.64
7/30/2020 16:00,89.34,153.37,150.55,43.26,51.98
7/31/2020 16:00,89.46,152.42,151.55,43.01,51.21
8/3/2020 16:00,89.27,154.5,152.8,43.34,51.95
8/4/2020 16:00,89.46,155.25,153.4,43.83,52.35
8/5/2020 16:00,89.34,157.35,154.36,44.28,52.66
8/6/2020 16:00,89.48,157.02,155.27,44.34,52.82
8/7/2020 16:00,89.38,158.04,155.21,43.44,52.35
8/10/2020 16:00,89.28,158.79,155.64,43.43,52.51
8/11/2020 16:00,88.97,158.1,154.23,43.27,52.63
8/12/2020 16:00,88.74,158.81,156.45,43.8,53.59
8/13/2020 16:00,88.45,158.73,156.42,43.63,53.36
8/14/2020 16:00,88.35,158.56,156.33,43.69,53.1
8/17/2020 16:00,88.46,159.36,157.06,44.16,53.6
8/18/2020 16:00,88.58,158.16,157.42,44.32,53.58
8/19/2020 16:00,88.43,157.69,156.71,43.81,53.25
8/20/2020 16:00,88.58,156.98,157.45,43.69,53.11
8/21/2020 16:00,88.77,156.4,157.89,43.97,52.99
8/24/2020 16:00,88.67,158.16,159.4,44.41,53.6
8/25/2020 16:00,88.5,158.36,159.97,44.82,53.8
8/26/2020 16:00,88.45,158.05,161.73,44.86,54.08
8/27/2020 16:00,88.13,158.83,162.19,44.6,53.61
8/28/2020 16:00,88.2,159.94,163.15,45.14,54.1
8/31/2020 16:00,88.46,158.46,163.11,44.19,53.48
9/1/2020 16:00,88.55,160.3,164.49,45.08,53.8
9/2/2020 16:00,88.74,162.04,166.66,44.96,54.25
9/3/2020 16:00,88.75,156.74,160.87,44.17,53.07
9/4/2020 16:00,88.23,155.7,159.47,44.09,53.18
9/8/2020 16:00,88.36,152.36,154.83,43.27,52.42
9/9/2020 16:00,88.3,154.55,157.91,43.83,53.31
9/10/2020 16:00,88.32,152.67,155.37,43.17,52.65
9/11/2020 16:00,88.41,151.94,155.29,43.49,53.14
9/14/2020 16:00,88.41,155.77,157.61,44.21,53.6
9/15/2020 16:00,88.46,156.34,158.59,44.71,53.97
9/16/2020 16:00,88.44,157.12,157.94,44.55,53.89
9/17/2020 16:00,88.44,156.2,156.51,44.47,53.87
9/18/2020 16:00,88.34,155.14,154.87,44.12,53.47
9/21/2020 16:00,88.39,151.39,153.34,43.33,52.12
9/22/2020 16:00,88.42,152.74,154.86,42.95,52.02
9/23/2020 16:00,88.22,149.11,151.16,42.28,51.39
9/24/2020 16:00,88.23,148.88,151.42,42.16,51.3
9/25/2020 16:00,88.22,150.83,153.37,42.15,51.49
9/28/2020 16:00,88.3,154.01,155.93,42.57,52.19
9/29/2020 16:00,88.36,153.2,155.24,42.55,52.12
9/30/2020 16:00,88.22,153.8,156.44,43.24,52.17
10/1/2020 16:00,88.16,156,157.61,43.62,52.59
10/2/2020 16:00,88.1,156.78,156.06,43.14,52.36
10/5/2020 16:00,87.77,160.31,158.67,43.7,53.13
10/6/2020 16:00,87.89,159.93,156.57,43.83,52.75
10/7/2020 16:00,87.77,163.03,159.13,44.24,53.28
10/8/2020 16:00,87.92,165.01,160.59,44.57,53.65
10/9/2020 16:00,87.94,165.78,162.06,44.88,54.02
10/12/2020 16:00,88.07,166.92,164.53,45.32,54.34
10/13/2020 16:00,88.14,165.74,163.8,45.12,53.87
10/14/2020 16:00,88.19,165,162.69,44.92,53.69
10/15/2020 16:00,88.14,166.1,162.5,44.56,53.13
10/16/2020 16:00,88.07,165.64,162.37,44.74,53.35
10/19/2020 16:00,87.99,163.68,159.84,44.6,53.11
10/20/2020 16:00,87.84,164.32,160.46,45.05,53.51
10/21/2020 16:00,87.74,163,159.98,45.14,53.36
10/22/2020 16:00,87.59,165.64,160.99,45.15,53.37
10/23/2020 16:00,87.7,166.67,161.41,45.36,53.67
10/26/2020 16:00,87.83,163.03,158.58,44.77,52.77
10/27/2020 16:00,88.04,161.48,158.05,44.93,52.58
10/28/2020 16:00,87.92,156.73,152.65,43.81,51.08
10/29/2020 16:00,87.73,158.4,154.18,44.27,51.39
10/30/2020 16:00,87.58,157.11,152.54,43.81,50.97
11/2/2020 16:00,87.55,159.62,154,44.37,51.68
11/3/2020 16:00,87.53,163.48,156.75,44.49,52.68
11/4/2020 16:00,88.13,164.53,160.56,45.92,53.5
11/5/2020 16:00,88.22,168.71,163.77,46.7,54.66
11/6/2020 16:00,88.02,167.57,163.86,46.87,54.83
11/9/2020 16:00,87.61,172.59,165.28,47.22,55.98
11/10/2020 16:00,87.44,174.22,164.76,46.69,56.16
11/11/2020 16:00,87.5,174.39,166.16,46.89,56.55
11/12/2020 16:00,87.79,171.85,164.78,46.54,55.79
11/13/2020 16:00,87.82,175.31,166.7,47.13,56.57
11/16/2020 16:00,87.87,178.92,168.73,47.68,57.28
11/17/2020 16:00,88.02,179.58,168.22,47.61,57.28
11/18/2020 16:00,88.12,177.33,166.34,47.45,57.01
11/19/2020 16:00,88.3,179.07,167.17,47.57,57.34
11/20/2020 16:00,88.38,179.04,166.23,47.9,57.52
11/23/2020 16:00,88.31,181.96,167.25,47.89,57.6
11/24/2020 16:00,88.22,184.78,169.95,48.53,58.45
11/25/2020 16:00,88.18,184.02,169.98,48.31,58.25
11/27/2020 13:00,88.37,184.81,170.49,48.76,58.68
11/30/2020 16:00,88.49,181.9,169.49,47.56,57.4
12/1/2020 16:00,88.08,183.65,171.5,48.55,58.7
12/2/2020 16:00,87.93,183.6,171.78,48.53,58.74
12/3/2020 16:00,88.1,185.11,171.86,49.01,59.01
12/4/2020 16:00,87.87,188.57,173.45,49.34,59.55
12/7/2020 16:00,87.99,188.09,173.25,49.34,59.25
12/8/2020 16:00,88.02,189.73,173.86,49.48,59.4
12/9/2020 16:00,87.87,188.64,172,48.9,59.33
12/10/2020 16:00,88.05,190.23,172.15,49.56,59.59
12/11/2020 16:00,88.19,189.63,171.93,49.23,59.3
12/14/2020 16:00,88.16,189.34,171.39,49.05,59.31
12/15/2020 16:00,88.2,193.07,173.6,49.51,59.95
12/16/2020 16:00,88.11,192.68,173.81,49.78,60.1
12/17/2020 16:00,88.13,194.7,175.04,50.18,60.52
12/18/2020 16:00,88.1,193.84,174.68,50.03,60.28
12/21/2020 16:00,88.11,193.85,174.18,49.06,58.95
12/22/2020 16:00,88.25,195.48,173.99,48.7,58.78
12/23/2020 16:00,87.86,196.91,173.97,49.2,59.33
12/24/2020 13:00,88.01,195.89,173.92,48.92,59.36
12/28/2020 16:00,87.98,194.92,174.93,49.02,59.72
12/29/2020 16:00,88.01,192.79,174.74,49.55,60.22
12/30/2020 16:00,88.07,194.81,174.96,50.24,60.55
12/31/2020 16:00,88.19,194.68,175.74,50.11,60.16
1/4/2021 16:00,88.07,191.53,173.39,50.34,60.52
1/5/2021 16:00,87.92,194.27,174.58,51.51,61.4
1/6/2021 16:00,87.53,200.53,175.31,51.02,61.73
1/7/2021 16:00,87.35,203.84,178.09,51.42,61.99
1/8/2021 16:00,87.27,203.76,179.26,52.46,62.78
1/11/2021 16:00,87.18,203.76,178.11,51.85,61.95
1/12/2021 16:00,87.16,206.8,178.14,52.42,62.27
1/13/2021 16:00,87.39,205.56,178.58,52.59,62.26
1/14/2021 16:00,87.28,208.14,177.97,53.11,62.81
1/15/2021 16:00,87.35,205.36,176.69,52.5,61.85
1/19/2021 16:00,87.47,207.73,178.06,53.45,62.47
1/20/2021 16:00,87.46,208.99,180.49,54.38,63.15
1/21/2021 16:00,87.34,207.43,180.7,54.39,63.23
1/22/2021 16:00,87.38,208.35,180.16,54,62.8
1/25/2021 16:00,87.58,207.65,180.87,54.27,62.89
1/26/2021 16:00,87.57,205.77,180.33,53.93,62.77
1/27/2021 16:00,87.57,200.98,175.76,52.56,61.31
1/28/2021 16:00,87.5,202.26,177.54,52.81,61.74
1/29/2021 16:00,87.43,198.59,174.25,51.68,60.31
2/1/2021 16:00,87.32,202.84,176.9,52.99,61.4
2/2/2021 16:00,87.21,205.64,179.74,53.82,62.14
2/3/2021 16:00,87.06,206.21,179.81,54.02,62.37
2/4/2021 16:00,87.08,209.53,181.95,54.1,62.43
2/5/2021 16:00,86.96,211.94,182.81,54.5,62.86
2/8/2021 16:00,87.06,215.74,184.14,54.78,63.25
2/9/2021 16:00,87.02,216.29,184.09,55.39,63.68
2/10/2021 16:00,87.16,215.9,184.06,55.51,63.6
2/11/2021 16:00,87.07,216.77,184.36,56.09,64.08
2/12/2021 16:00,86.84,217.9,185.4,56.19,64.39
2/16/2021 16:00,86.43,216.62,185.17,56.35,64.68
2/17/2021 16:00,86.61,215.48,184.98,56.49,64.4
2/18/2021 16:00,86.56,212.64,184.35,55.76,63.86
2/19/2021 16:00,86.26,216.42,183.95,56.06,64.22
2/22/2021 16:00,86.02,214.68,182.31,54.47,63.54
2/23/2021 16:00,86,213.91,182.38,54.78,63.7
2/24/2021 16:00,85.95,218.14,184.11,54.43,63.72
2/25/2021 16:00,85.2,211.02,179.63,53.25,62.57
2/26/2021 16:00,85.94,210.84,178.78,52.49,61.7
3/1/2021 16:00,85.7,217.07,183.22,53.93,63.05
3/2/2021 16:00,85.69,213.59,181.62,53.42,62.8
3/3/2021 16:00,85.42,211,178.85,53.38,62.5
3/4/2021 16:00,85.15,206.13,176.48,52.23,61.7
3/5/2021 16:00,85.1,209.96,179.67,52.6,62.16
3/8/2021 16:00,84.71,210.27,178.57,51.23,61.51
3/9/2021 16:00,84.99,213,181.32,52.34,62.46
3/10/2021 16:00,85.15,215.48,182.4,52.25,62.63
3/11/2021 16:00,85.16,219.82,184.64,53.82,63.51
3/12/2021 16:00,84.65,221.23,184.76,52.87,63.31
3/15/2021 16:00,84.75,223.48,185.98,52.84,63.44
3/16/2021 16:00,84.74,220.44,185.63,53.07,63.59
3/17/2021 16:00,84.71,221.84,186.2,53.11,63.85
3/18/2021 16:00,84.36,216.18,183.29,52.29,63.1
3/19/2021 16:00,84.43,217.39,183.13,52.81,63.42
3/22/2021 16:00,84.67,216.25,184.53,52.63,63.26
3/23/2021 16:00,84.86,210.07,183.07,51.77,62.3
3/24/2021 16:00,84.99,206.87,181.83,50.56,61.63
3/25/2021 16:00,84.93,210.35,182.18,50.64,62.03
3/26/2021 16:00,84.78,214.12,185.03,51.9,63.05
3/29/2021 16:00,84.67,209.98,184.83,51.61,62.7
3/30/2021 16:00,84.76,212.57,184.35,51.82,62.72
3/31/2021 16:00,84.72,214.08,185.3,52.05,62.7
4/1/2021 16:00,84.8,217.38,187.36,52.52,63.55
4/5/2021 16:00,84.67,218.22,190.02,52.63,64.25
4/6/2021 16:00,84.97,218.51,189.95,52.88,63.88
4/7/2021 16:00,84.87,216.09,190.22,52.11,63.73
4/8/2021 16:00,85.06,217.44,191.33,52.65,64.13
4/9/2021 16:00,84.95,217.96,192.73,52.2,64.12
4/12/2021 16:00,84.93,218.2,192.57,51.86,63.74
4/13/2021 16:00,85.15,218.13,193.5,51.87,64.11
4/14/2021 16:00,85.09,219.41,192.66,52.15,64.28
4/15/2021 16:00,85.45,220.67,194.92,52.61,64.72
4/16/2021 16:00,85.22,221.61,195.46,52.78,65.15
4/19/2021 16:00,85.17,219.37,194.36,52.67,64.95
4/20/2021 16:00,85.31,215.85,192.84,52.27,64.05
4/21/2021 16:00,85.4,220.16,194.71,52.68,64.66
4/22/2021 16:00,85.44,219.21,192.9,52.59,64.39
4/23/2021 16:00,85.45,222.96,195.2,53.31,65.12
4/26/2021 16:00,85.39,225.24,195.63,53.38,65.2
4/27/2021 16:00,85.17,225.4,195.66,53.46,65.1
4/28/2021 16:00,85.21,225.69,195.41,53.89,65.37
4/29/2021 16:00,85.14,225.43,196.57,53.77,65.36
4/30/2021 16:00,85.26,222.49,195.26,52.98,64.44
5/3/2021 16:00,85.15,223.03,195.42,52.96,64.99
5/4/2021 16:00,85.26,221.27,193.99,52.31,64.15
5/5/2021 16:00,85.31,220.86,193.85,52.51,64.81
5/6/2021 16:00,85.35,221.1,195.12,53.03,65.31
5/7/2021 16:00,85.36,223.56,196.68,53.5,66.08
5/10/2021 16:00,85.16,219.85,194.78,52.5,65.54
5/11/2021 16:00,84.99,218.43,193.14,52.36,64.83
5/12/2021 16:00,84.69,211.77,188.82,51.02,63.56
5/13/2021 16:00,84.86,214.8,190.95,50.96,63.9
5/14/2021 16:00,85.06,219.7,194.04,51.8,64.97
5/17/2021 16:00,84.98,219.39,193.51,51.83,64.87
5/18/2021 16:00,84.89,217.73,192,52.58,65.26
5/19/2021 16:00,84.8,216.27,191.43,52.44,64.8
5/20/2021 16:00,85.08,217.59,193.76,52.63,65.5
5/21/2021 16:00,85.1,217.86,193.63,52.07,65.32
5/24/2021 16:00,85.2,219.46,195.62,52.56,65.79
5/25/2021 16:00,85.42,217.92,195.25,53.11,65.97
5/26/2021 16:00,85.39,220.67,195.73,53.5,66.12
5/27/2021 16:00,85.27,222.63,195.73,53.6,66.27
5/28/2021 16:00,85.26,222.58,196.18,53.88,66.42
6/1/2021 16:00,85.12,224.56,195.99,55.01,67.05
6/2/2021 16:00,85.21,224.77,196.28,55.14,67.2
6/3/2021 16:00,85.05,223.04,195.43,54.52,66.69
6/4/2021 16:00,85.39,224.11,197.24,55.01,67.33
6/7/2021 16:00,85.33,225.6,197.19,54.79,67.38
6/8/2021 16:00,85.49,228.05,197.26,54.56,67.27
6/9/2021 16:00,85.66,226.54,196.96,54.52,67.04
6/10/2021 16:00,85.84,225.88,197.89,54.9,67.34
6/11/2021 16:00,85.82,227.78,198.43,54.66,67.42
6/14/2021 16:00,85.6,226.74,198.91,54.88,67.5
6/15/2021 16:00,85.6,225.9,198.38,54.51,67.44
6/16/2021 16:00,85.36,225.24,197.38,53.77,66.86
6/17/2021 16:00,85.65,222.39,197.6,54.08,66.55
6/18/2021 16:00,85.92,218.33,195.15,53.66,65.49
6/21/2021 16:00,85.62,223.04,197.72,53.64,65.73
6/22/2021 16:00,85.74,223.69,198.82,53.41,65.72
6/23/2021 16:00,85.68,224.15,198.71,53.72,65.52
6/24/2021 16:00,85.72,226.02,199.35,54.12,66.11
6/25/2021 16:00,85.56,227.35,200,54.56,66.41
6/28/2021 16:00,85.79,225.69,200.57,54.69,66.14
6/29/2021 16:00,85.83,225.37,200.71,54.65,66.12
6/30/2021 16:00,85.89,225.28,200.75,54.31,65.68
7/1/2021 16:00,85.75,226.86,201.7,54.02,65.74
7/2/2021 16:00,85.9,225.89,203.18,53.96,65.83
7/6/2021 16:00,86.21,223.43,202.96,52.99,65.29
7/7/2021 16:00,86.39,222.36,203.54,53.04,65.5
7/8/2021 16:00,86.47,220.02,201.87,52.03,64.5
7/9/2021 16:00,86.2,224.65,204.03,52.98,65.61
7/12/2021 16:00,86.17,225.03,204.68,53.01,65.75
7/13/2021 16:00,85.9,221.33,203.88,53.04,65.56
7/14/2021 16:00,86.19,218.82,203.92,53.3,65.67
7/15/2021 16:00,86.4,217.74,203.3,53.35,65.33
7/16/2021 16:00,86.32,215.3,201.86,52.99,64.83
7/19/2021 16:00,86.81,211.9,199.12,52.21,63.73
7/20/2021 16:00,86.72,217.83,202.04,52.25,64.1
7/21/2021 16:00,86.44,221.04,203.69,52.7,64.92
7/22/2021 16:00,86.63,218.8,204.2,52.78,65
7/23/2021 16:00,86.53,220.18,206.36,51.96,65.07
7/26/2021 16:00,86.48,220.64,206.83,50.97,64.8
7/27/2021 16:00,86.7,219,205.76,49.87,64.23
7/28/2021 16:00,86.78,220.98,205.83,51.28,64.92
7/29/2021 16:00,86.63,222.78,206.61,51.46,65.32
7/30/2021 16:00,86.76,221.95,205.48,51.11,64.94
8/2/2021 16:00,86.83,221.06,204.99,51.52,65.21
8/3/2021 16:00,86.85,222.31,206.66,51.65,65.64
8/4/2021 16:00,86.85,220.17,205.76,51.78,65.58
8/5/2021 16:00,86.65,222.92,207.16,51.62,65.77
8/6/2021 16:00,86.24,223.58,207.35,51.27,65.46
8/9/2021 16:00,86.08,222.62,207.31,51.45,65.47
8/10/2021 16:00,85.95,223.12,207.29,51.64,65.59
8/11/2021 16:00,86.01,224.66,207.72,51.83,65.99
8/12/2021 16:00,86.02,224.17,208.39,51.49,65.77
8/13/2021 16:00,86.36,223.32,208.76,51.39,65.99
8/16/2021 16:00,86.44,221.82,209.11,50.98,65.55
8/17/2021 16:00,86.35,218.99,207.77,50.06,64.75
8/18/2021 16:00,86.33,217.19,205.57,50.12,64.62
8/19/2021 16:00,86.52,215.1,205.77,49.35,63.86
8/20/2021 16:00,86.5,217.95,207.47,49.35,64.03
8/23/2021 16:00,86.52,220.91,209.34,50.06,64.72
8/24/2021 16:00,86.35,223.2,209.81,51.18,65.31
8/25/2021 16:00,86.21,224.45,210.25,51.23,65.37
8/26/2021 16:00,86.22,222.37,209.08,50.81,64.93
8/27/2021 16:00,86.47,227.33,210.87,51.45,65.64
8/30/2021 16:00,86.57,226.78,211.84,51.6,65.66
8/31/2021 16:00,86.46,226.31,211.49,52.23,65.89
9/1/2021 16:00,86.34,227.67,211.66,52.86,66.47
9/2/2021 16:00,86.46,229.42,212.27,52.65,66.65
9/3/2021 16:00,86.28,228.78,212.29,52.89,67
9/7/2021 16:00,86.03,226.84,211.52,53.33,66.98
9/8/2021 16:00,86.17,225.24,211.1,52.54,66.3
9/9/2021 16:00,86.48,224.79,210.35,52.61,66.24
9/10/2021 16:00,86.27,222.74,208.73,52.53,66.12
9/13/2021 16:00,86.4,223.69,209.06,52.7,66.55
9/14/2021 16:00,86.61,221.56,207.94,52.21,66.21
9/15/2021 16:00,86.53,224.04,209.69,52.19,66.37
9/16/2021 16:00,86.37,223.99,209.48,51.65,66.05
9/17/2021 16:00,86.26,223.08,207.63,51.45,65.34
9/20/2021 16:00,86.5,219.07,203.96,49.59,63.62
9/21/2021 16:00,86.48,218.96,204.04,49.99,64.19
9/22/2021 16:00,86.57,222.17,205.9,50.71,64.7
9/23/2021 16:00,86.11,225.62,208.38,50.95,65.35
9/24/2021 16:00,85.93,224.36,208.02,50.39,64.73
9/27/2021 16:00,85.83,226.26,207.33,50.66,64.83
9/28/2021 16:00,85.46,222.03,202.88,50.07,63.58
9/29/2021 16:00,85.47,221.84,203.08,49.67,63.31
9/30/2021 16:00,85.45,218.67,200.92,50.01,63.26
10/1/2021 16:00,85.61,222.08,203.23,50.04,63.44
10/4/2021 16:00,85.55,220.33,200.26,49.35,62.78
10/5/2021 16:00,85.34,220.93,202.52,49.82,63.16
10/6/2021 16:00,85.38,220.59,203.54,49.63,62.79
10/7/2021 16:00,85.14,223.57,205.36,50.6,63.51
10/8/2021 16:00,84.93,222.26,204.86,50.79,63.59
10/11/2021 16:00,84.8,221.13,203.39,50.65,63.4
10/12/2021 16:00,85.11,222.2,203.09,50.51,63.36
10/13/2021 16:00,85.34,223.25,203.99,51.17,64.08
10/14/2021 16:00,85.49,226.98,207.5,51.25,64.62
10/15/2021 16:00,85.28,226.66,209.04,51.8,65.18
10/18/2021 16:00,85.23,227.01,209.81,51.73,64.98
10/19/2021 16:00,84.99,227.88,211.35,52.32,65.5
10/20/2021 16:00,84.89,229.52,212.19,52.33,65.67
10/21/2021 16:00,84.77,230.17,212.86,51.91,65.28
10/22/2021 16:00,84.95,230.18,212.39,51.78,65.48
10/25/2021 16:00,84.99,231.83,213.53,51.97,65.55
10/26/2021 16:00,85.16,230.18,213.72,51.62,65.5
10/27/2021 16:00,85.47,226.09,212.42,51.35,65.15
10/28/2021 16:00,85.36,229.91,214.63,51.3,65.63
10/29/2021 16:00,85.38,229.49,215.1,50.66,65.08
11/1/2021 16:00,85.18,234.51,215.41,51.15,65.71
11/2/2021 16:00,85.34,234.43,216.19,50.61,65.38
11/3/2021 16:00,85.19,237.49,217.62,50.98,65.81
11/4/2021 16:00,85.58,236.45,218.55,50.87,65.74
11/5/2021 16:00,85.84,238.81,219.18,50.89,65.88
11/8/2021 16:00,85.65,239.37,219.63,51.42,66.09
11/9/2021 16:00,85.89,238.74,218.94,51.3,65.89
