Date,BTC,ETH,XRP,ADA
11/19/2015,326.41,N/A,N/A,N/A
11/20/2015,322.39,N/A,N/A,N/A
11/21/2015,327,N/A,N/A,N/A
11/22/2015,323.71,N/A,N/A,N/A
11/23/2015,323,N/A,N/A,N/A
11/24/2015,321,N/A,N/A,N/A
11/25/2015,328.98,N/A,N/A,N/A
11/26/2015,352.57,N/A,N/A,N/A
11/27/2015,358.19,N/A,N/A,N/A
11/28/2015,357.24,N/A,N/A,N/A
11/29/2015,372.24,N/A,N/A,N/A
11/30/2015,376.86,N/A,N/A,N/A
12/1/2015,362.68,N/A,N/A,N/A
12/2/2015,360,N/A,N/A,N/A
12/3/2015,361.77,N/A,N/A,N/A
12/4/2015,363.98,N/A,N/A,N/A
12/5/2015,387.99,N/A,N/A,N/A
12/6/2015,387.55,N/A,N/A,N/A
12/7/2015,394.73,N/A,N/A,N/A
12/8/2015,418.94,N/A,N/A,N/A
12/9/2015,418.39,N/A,N/A,N/A
12/10/2015,415.68,N/A,N/A,N/A
12/11/2015,452.95,N/A,N/A,N/A
12/12/2015,436.87,N/A,N/A,N/A
12/13/2015,433.83,N/A,N/A,N/A
12/14/2015,444.01,N/A,N/A,N/A
12/15/2015,464.27,N/A,N/A,N/A
12/16/2015,453.97,N/A,N/A,N/A
12/17/2015,455.5,N/A,N/A,N/A
12/18/2015,463.17,N/A,N/A,N/A
12/19/2015,461.29,N/A,N/A,N/A
12/20/2015,442.22,N/A,N/A,N/A
12/21/2015,436.81,N/A,N/A,N/A
12/22/2015,433.92,N/A,N/A,N/A
12/23/2015,442.43,N/A,N/A,N/A
12/24/2015,455.74,N/A,N/A,N/A
12/25/2015,455.84,N/A,N/A,N/A
12/26/2015,419.41,N/A,N/A,N/A
12/27/2015,424.72,N/A,N/A,N/A
12/28/2015,421.94,N/A,N/A,N/A
12/29/2015,433.89,N/A,N/A,N/A
12/30/2015,427.95,N/A,N/A,N/A
12/31/2015,430.35,N/A,N/A,N/A
1/1/2016,435.66,N/A,N/A,N/A
1/2/2016,435.4,N/A,N/A,N/A
1/3/2016,431.91,N/A,N/A,N/A
1/4/2016,433.85,N/A,N/A,N/A
1/5/2016,433.34,N/A,N/A,N/A
1/6/2016,430.87,N/A,N/A,N/A
1/7/2016,459.07,N/A,N/A,N/A
1/8/2016,454.44,N/A,N/A,N/A
1/9/2016,450.38,N/A,N/A,N/A
1/10/2016,449.99,N/A,N/A,N/A
1/11/2016,449.19,N/A,N/A,N/A
1/12/2016,434.01,N/A,N/A,N/A
1/13/2016,432.77,N/A,N/A,N/A
1/14/2016,430.03,N/A,N/A,N/A
1/15/2016,357.53,N/A,N/A,N/A
1/16/2016,388.7,N/A,N/A,N/A
1/17/2016,378.46,N/A,N/A,N/A
1/18/2016,384.89,N/A,N/A,N/A
1/19/2016,375.27,N/A,N/A,N/A
1/20/2016,418.54,N/A,N/A,N/A
1/21/2016,409.38,N/A,N/A,N/A
1/22/2016,382.9,N/A,N/A,N/A
1/23/2016,387.5,N/A,N/A,N/A
1/24/2016,403.05,N/A,N/A,N/A
1/25/2016,391.4,N/A,N/A,N/A
1/26/2016,391.54,N/A,N/A,N/A
1/27/2016,394.79,N/A,N/A,N/A
1/28/2016,379.61,N/A,N/A,N/A
1/29/2016,378.68,N/A,N/A,N/A
1/30/2016,378.46,N/A,N/A,N/A
1/31/2016,367.95,N/A,N/A,N/A
2/1/2016,371.33,N/A,N/A,N/A
2/2/2016,372.93,N/A,N/A,N/A
2/3/2016,368.87,N/A,N/A,N/A
2/4/2016,387.99,N/A,N/A,N/A
2/5/2016,384.5,N/A,N/A,N/A
2/6/2016,375.44,N/A,N/A,N/A
2/7/2016,377.49,N/A,N/A,N/A
2/8/2016,371.14,N/A,N/A,N/A
2/9/2016,372.68,N/A,N/A,N/A
2/10/2016,378.44,N/A,N/A,N/A
2/11/2016,378.23,N/A,N/A,N/A
2/12/2016,382.05,N/A,N/A,N/A
2/13/2016,391,N/A,N/A,N/A
2/14/2016,406.59,N/A,N/A,N/A
2/15/2016,398.95,N/A,N/A,N/A
2/16/2016,407.42,N/A,N/A,N/A
2/17/2016,415.2,N/A,N/A,N/A
2/18/2016,421.19,N/A,N/A,N/A
2/19/2016,420.72,N/A,N/A,N/A
2/20/2016,437.46,N/A,N/A,N/A
2/21/2016,438.56,N/A,N/A,N/A
2/22/2016,437.55,N/A,N/A,N/A
2/23/2016,419.97,N/A,N/A,N/A
2/24/2016,423.94,N/A,N/A,N/A
2/25/2016,423.54,N/A,N/A,N/A
2/26/2016,430.85,N/A,N/A,N/A
2/27/2016,433.12,N/A,N/A,N/A
2/28/2016,433.73,N/A,N/A,N/A
2/29/2016,436.44,N/A,N/A,N/A
3/1/2016,433.08,N/A,N/A,N/A
3/2/2016,420.39,N/A,N/A,N/A
3/3/2016,418.8,N/A,N/A,N/A
3/4/2016,407.35,N/A,N/A,N/A
3/5/2016,396.08,N/A,N/A,N/A
3/6/2016,403.24,N/A,N/A,N/A
3/7/2016,412.21,N/A,N/A,N/A
3/8/2016,411.18,N/A,N/A,N/A
3/9/2016,412.8,N/A,N/A,N/A
3/10/2016,415.98,N/A,N/A,N/A
3/11/2016,419.39,N/A,N/A,N/A
3/12/2016,410.58,N/A,N/A,N/A
3/13/2016,412.52,N/A,N/A,N/A
3/14/2016,415.02,N/A,N/A,N/A
3/15/2016,415.41,N/A,N/A,N/A
3/16/2016,416.07,N/A,N/A,N/A
3/17/2016,418.41,N/A,N/A,N/A
3/18/2016,409.65,N/A,N/A,N/A
3/19/2016,410.2,N/A,N/A,N/A
3/20/2016,411.27,N/A,N/A,N/A
3/21/2016,412,N/A,N/A,N/A
3/22/2016,416.66,N/A,N/A,N/A
3/23/2016,417.53,N/A,N/A,N/A
3/24/2016,412.95,N/A,N/A,N/A
3/25/2016,416.41,N/A,N/A,N/A
3/26/2016,416.97,N/A,N/A,N/A
3/27/2016,425.3,N/A,N/A,N/A
3/28/2016,423,N/A,N/A,N/A
3/29/2016,416.39,N/A,N/A,N/A
3/30/2016,412.79,N/A,N/A,N/A
3/31/2016,416.03,N/A,N/A,N/A
4/1/2016,417.68,N/A,N/A,N/A
4/2/2016,419.95,N/A,N/A,N/A
4/3/2016,420.16,N/A,N/A,N/A
4/4/2016,419.47,N/A,N/A,N/A
4/5/2016,422.36,N/A,N/A,N/A
4/6/2016,421.46,N/A,N/A,N/A
4/7/2016,421.99,N/A,N/A,N/A
4/8/2016,419.48,N/A,N/A,N/A
4/9/2016,419.46,N/A,N/A,N/A
4/10/2016,423.4,N/A,N/A,N/A
4/11/2016,423.94,N/A,N/A,N/A
4/12/2016,427.8,N/A,N/A,N/A
4/13/2016,425.58,N/A,N/A,N/A
4/14/2016,426.32,N/A,N/A,N/A
4/15/2016,430.93,N/A,N/A,N/A
4/16/2016,433.39,N/A,N/A,N/A
4/17/2016,431,N/A,N/A,N/A
4/18/2016,430.97,N/A,N/A,N/A
4/19/2016,437.06,N/A,N/A,N/A
4/20/2016,442.96,N/A,N/A,N/A
4/21/2016,452.25,N/A,N/A,N/A
4/22/2016,448.41,N/A,N/A,N/A
4/23/2016,455.69,N/A,N/A,N/A
4/24/2016,464.46,N/A,N/A,N/A
4/25/2016,466.17,N/A,N/A,N/A
4/26/2016,470.59,N/A,N/A,N/A
4/27/2016,445.31,N/A,N/A,N/A
4/28/2016,451.68,N/A,N/A,N/A
4/29/2016,458.82,N/A,N/A,N/A
4/30/2016,454.02,N/A,N/A,N/A
5/1/2016,456.98,N/A,N/A,N/A
5/2/2016,446.42,N/A,N/A,N/A
5/3/2016,452.21,N/A,N/A,N/A
5/4/2016,448.68,N/A,N/A,N/A
5/5/2016,449.98,N/A,N/A,N/A
5/6/2016,462.31,N/A,N/A,N/A
5/7/2016,461.91,N/A,N/A,N/A
5/8/2016,462.79,N/A,N/A,N/A
5/9/2016,464.16,N/A,N/A,N/A
5/10/2016,452.78,N/A,N/A,N/A
5/11/2016,454.37,N/A,N/A,N/A
5/12/2016,456.48,N/A,N/A,N/A
5/13/2016,457.98,N/A,N/A,N/A
5/14/2016,458.9,N/A,N/A,N/A
5/15/2016,461.47,N/A,N/A,N/A
5/16/2016,455.66,N/A,N/A,N/A
5/17/2016,454.19,N/A,N/A,N/A
5/18/2016,455.56,N/A,N/A,N/A
5/19/2016,438.38,N/A,N/A,N/A
5/20/2016,445.65,N/A,N/A,N/A
5/21/2016,446.28,N/A,N/A,N/A
5/22/2016,442.48,N/A,N/A,N/A
5/23/2016,445.67,N/A,N/A,N/A
5/24/2016,446.99,N/A,N/A,N/A
5/25/2016,451.49,N/A,N/A,N/A
5/26/2016,454.97,N/A,N/A,N/A
5/27/2016,471.27,N/A,N/A,N/A
5/28/2016,523.25,N/A,N/A,N/A
5/29/2016,525.22,N/A,N/A,N/A
5/30/2016,532.55,N/A,N/A,N/A
5/31/2016,531.34,N/A,N/A,N/A
6/1/2016,534.84,N/A,N/A,N/A
6/2/2016,537.87,N/A,N/A,N/A
6/3/2016,571.25,N/A,N/A,N/A
6/4/2016,576.31,N/A,N/A,N/A
6/5/2016,575.17,N/A,N/A,N/A
6/6/2016,586.77,N/A,N/A,N/A
6/7/2016,579.71,N/A,N/A,N/A
6/8/2016,583.21,N/A,N/A,N/A
6/9/2016,577.46,N/A,N/A,N/A
6/10/2016,580.31,N/A,N/A,N/A
6/11/2016,609.5,N/A,N/A,N/A
6/12/2016,677.86,N/A,N/A,N/A
6/13/2016,706.01,N/A,N/A,N/A
6/14/2016,684.95,N/A,N/A,N/A
6/15/2016,698.78,N/A,N/A,N/A
6/16/2016,769.76,N/A,N/A,N/A
6/17/2016,752.26,N/A,N/A,N/A
6/18/2016,758.99,N/A,N/A,N/A
6/19/2016,768.76,N/A,N/A,N/A
6/20/2016,703.12,N/A,N/A,N/A
6/21/2016,667.66,N/A,N/A,N/A
6/22/2016,604.5,N/A,N/A,N/A
6/23/2016,631.1,N/A,N/A,N/A
6/24/2016,669.98,N/A,N/A,N/A
6/25/2016,673.71,N/A,N/A,N/A
6/26/2016,638.56,N/A,N/A,N/A
6/27/2016,657.87,N/A,N/A,N/A
6/28/2016,648.43,N/A,N/A,N/A
6/29/2016,639.42,N/A,N/A,N/A
6/30/2016,673.49,N/A,N/A,N/A
7/1/2016,678.19,N/A,N/A,N/A
7/2/2016,704.95,N/A,N/A,N/A
7/3/2016,663.55,N/A,N/A,N/A
7/4/2016,681.98,N/A,N/A,N/A
7/5/2016,669.87,N/A,N/A,N/A
7/6/2016,678.79,N/A,N/A,N/A
7/7/2016,641.97,N/A,N/A,N/A
7/8/2016,667.33,N/A,N/A,N/A
7/9/2016,657.61,N/A,N/A,N/A
7/10/2016,652.44,N/A,N/A,N/A
7/11/2016,650.97,N/A,N/A,N/A
7/12/2016,666.56,N/A,N/A,N/A
7/13/2016,655.34,N/A,N/A,N/A
7/14/2016,661.65,N/A,N/A,N/A
7/15/2016,667.48,N/A,N/A,N/A
7/16/2016,666.32,N/A,N/A,N/A
7/17/2016,680,N/A,N/A,N/A
7/18/2016,675.5,N/A,N/A,N/A
7/19/2016,673.98,N/A,N/A,N/A
7/20/2016,666.92,N/A,N/A,N/A
7/21/2016,667.28,N/A,N/A,N/A
7/22/2016,654.67,N/A,N/A,N/A
7/23/2016,657.5,N/A,N/A,N/A
7/24/2016,661,N/A,N/A,N/A
7/25/2016,657.79,N/A,N/A,N/A
7/26/2016,654.06,N/A,N/A,N/A
7/27/2016,657.35,N/A,N/A,N/A
7/28/2016,657.4,N/A,N/A,N/A
7/29/2016,657,N/A,N/A,N/A
7/30/2016,655.87,N/A,N/A,N/A
7/31/2016,626.97,N/A,N/A,N/A
8/1/2016,605.2,N/A,N/A,N/A
8/2/2016,537.47,N/A,N/A,N/A
8/3/2016,573.36,N/A,N/A,N/A
8/4/2016,587.5,N/A,N/A,N/A
8/5/2016,583,N/A,N/A,N/A
8/6/2016,591.71,N/A,N/A,N/A
8/7/2016,595.14,N/A,N/A,N/A
8/8/2016,591.48,N/A,N/A,N/A
8/9/2016,586.45,N/A,N/A,N/A
8/10/2016,594.94,N/A,N/A,N/A
8/11/2016,587.91,N/A,N/A,N/A
8/12/2016,587.74,N/A,N/A,N/A
8/13/2016,586.45,N/A,N/A,N/A
8/14/2016,574.99,N/A,N/A,N/A
8/15/2016,567.79,N/A,N/A,N/A
8/16/2016,579.02,N/A,N/A,N/A
8/17/2016,574.45,N/A,N/A,N/A
8/18/2016,574.09,N/A,N/A,N/A
8/19/2016,573.67,N/A,N/A,N/A
8/20/2016,581.87,N/A,N/A,N/A
8/21/2016,581.29,N/A,N/A,N/A
8/22/2016,585.2,N/A,N/A,N/A
8/23/2016,582.39,N/A,N/A,N/A
8/24/2016,578.47,N/A,N/A,N/A
8/25/2016,575.58,N/A,N/A,N/A
8/26/2016,579.29,N/A,N/A,N/A
8/27/2016,570.84,N/A,N/A,N/A
8/28/2016,575.41,N/A,N/A,N/A
8/29/2016,573.21,N/A,N/A,N/A
8/30/2016,574.95,N/A,N/A,N/A
8/31/2016,572.89,N/A,N/A,N/A
9/1/2016,573.02,N/A,N/A,N/A
9/2/2016,576.21,N/A,N/A,N/A
9/3/2016,600.91,N/A,N/A,N/A
9/4/2016,611.92,N/A,N/A,N/A
9/5/2016,605.69,N/A,N/A,N/A
9/6/2016,612.99,N/A,N/A,N/A
9/7/2016,615.21,N/A,N/A,N/A
9/8/2016,627.97,N/A,N/A,N/A
9/9/2016,622.07,N/A,N/A,N/A
9/10/2016,623.74,N/A,N/A,N/A
9/11/2016,607.94,N/A,N/A,N/A
9/12/2016,606.74,N/A,N/A,N/A
9/13/2016,608.63,N/A,N/A,N/A
9/14/2016,608.43,N/A,N/A,N/A
9/15/2016,605.44,N/A,N/A,N/A
9/16/2016,607.93,N/A,N/A,N/A
9/17/2016,607.92,N/A,N/A,N/A
9/18/2016,611.4,N/A,N/A,N/A
9/19/2016,608.6,N/A,N/A,N/A
9/20/2016,605.6,N/A,N/A,N/A
9/21/2016,597,N/A,N/A,N/A
9/22/2016,596.21,N/A,N/A,N/A
9/23/2016,602.96,N/A,N/A,N/A
9/24/2016,603.68,N/A,N/A,N/A
9/25/2016,601.67,N/A,N/A,N/A
9/26/2016,607.08,N/A,N/A,N/A
9/27/2016,605.71,N/A,N/A,N/A
9/28/2016,605.04,N/A,N/A,N/A
9/29/2016,605.99,N/A,N/A,N/A
9/30/2016,608.99,N/A,N/A,N/A
10/1/2016,615.65,N/A,N/A,N/A
10/2/2016,612.4,N/A,N/A,N/A
10/3/2016,612.99,N/A,N/A,N/A
10/4/2016,610.34,N/A,N/A,N/A
10/5/2016,613.16,N/A,N/A,N/A
10/6/2016,611.88,N/A,N/A,N/A
10/7/2016,617.98,N/A,N/A,N/A
10/8/2016,619.5,N/A,N/A,N/A
10/9/2016,617.42,N/A,N/A,N/A
10/10/2016,618.72,N/A,N/A,N/A
10/11/2016,642.12,N/A,N/A,N/A
10/12/2016,635.79,N/A,N/A,N/A
10/13/2016,635.66,N/A,N/A,N/A
10/14/2016,638.03,11.92,N/A,N/A
10/15/2016,638.16,11.95,N/A,N/A
10/16/2016,641.92,11.95,N/A,N/A
10/17/2016,639.56,11.96,N/A,N/A
10/18/2016,635.11,12.54,N/A,N/A
10/19/2016,629.79,12.01,N/A,N/A
10/20/2016,628.05,12.06,N/A,N/A
10/21/2016,630.83,12.05,N/A,N/A
10/22/2016,652.75,12.03,N/A,N/A
10/23/2016,651.04,11.94,N/A,N/A
10/24/2016,649.98,11.92,N/A,N/A
10/25/2016,654.3,11.33,N/A,N/A
10/26/2016,674,11.49,N/A,N/A
10/27/2016,691.21,11.48,N/A,N/A
10/28/2016,689.95,11.13,N/A,N/A
10/29/2016,714.28,10.47,N/A,N/A
10/30/2016,697.41,11.19,N/A,N/A
10/31/2016,696.9,10.98,N/A,N/A
11/1/2016,730.7,10.84,N/A,N/A
11/2/2016,744.6,10.83,N/A,N/A
11/3/2016,690,10.87,N/A,N/A
11/4/2016,706.32,11.15,N/A,N/A
11/5/2016,706.99,11.16,N/A,N/A
11/6/2016,717.02,11.01,N/A,N/A
11/7/2016,706.42,10.93,N/A,N/A
11/8/2016,711.15,10.84,N/A,N/A
11/9/2016,720.97,10.62,N/A,N/A
11/10/2016,712.91,10.51,N/A,N/A
11/11/2016,716.9,10.29,N/A,N/A
11/12/2016,704.53,9.95,N/A,N/A
11/13/2016,704.01,10.14,N/A,N/A
11/14/2016,708.32,10.02,N/A,N/A
11/15/2016,712.29,10.27,N/A,N/A
11/16/2016,739.85,10,N/A,N/A
11/17/2016,730.71,9.91,N/A,N/A
11/18/2016,748.54,9.51,N/A,N/A
11/19/2016,750.77,9.68,N/A,N/A
11/20/2016,731.99,9.6,N/A,N/A
11/21/2016,736.4,9.54,N/A,N/A
11/22/2016,746.66,9.87,N/A,N/A
11/23/2016,741.52,9.8,N/A,N/A
11/24/2016,737.99,9.18,N/A,N/A
11/25/2016,739.74,9.4,N/A,N/A
11/26/2016,735.7,9.33,N/A,N/A
11/27/2016,729.24,8.98,N/A,N/A
11/28/2016,729.77,8.67,N/A,N/A
11/29/2016,732.37,8.14,N/A,N/A
11/30/2016,742.69,8.61,N/A,N/A
12/1/2016,754,8.45,N/A,N/A
12/2/2016,769.25,7.73,N/A,N/A
12/3/2016,766.98,7.86,N/A,N/A
12/4/2016,767.99,7.37,N/A,N/A
12/5/2016,752,6.75,N/A,N/A
12/6/2016,759.8,7.83,N/A,N/A
12/7/2016,764.34,8.35,N/A,N/A
12/8/2016,767.89,8.2,N/A,N/A
12/9/2016,773.22,8.47,N/A,N/A
12/10/2016,775.87,8.14,N/A,N/A
12/11/2016,771.05,8.23,N/A,N/A
12/12/2016,778.94,8.5,N/A,N/A
12/13/2016,776.18,8.41,N/A,N/A
12/14/2016,777.66,8.24,N/A,N/A
12/15/2016,776.16,7.83,N/A,N/A
12/16/2016,780.98,7.84,N/A,N/A
12/17/2016,788.57,7.85,N/A,N/A
12/18/2016,790.72,7.92,N/A,N/A
12/19/2016,790.81,7.64,N/A,N/A
12/20/2016,798.99,7.64,N/A,N/A
12/21/2016,834.5,7.91,N/A,N/A
12/22/2016,856.02,7.55,N/A,N/A
12/23/2016,917.26,7.13,N/A,N/A
12/24/2016,891.5,7.22,N/A,N/A
12/25/2016,896.12,7.19,N/A,N/A
12/26/2016,902.09,7.26,N/A,N/A
12/27/2016,925.2,7.16,N/A,N/A
12/28/2016,982.17,7.62,N/A,N/A
12/29/2016,970.72,8.29,N/A,N/A
12/30/2016,960.81,8.21,N/A,N/A
12/31/2016,973.37,8.16,N/A,N/A
1/1/2017,992.95,8.18,N/A,N/A
1/2/2017,1011.45,8.38,N/A,N/A
1/3/2017,1020.67,9.59,N/A,N/A
1/4/2017,1130.3,11.17,N/A,N/A
1/5/2017,1007,10.23,N/A,N/A
1/6/2017,895.71,10.14,N/A,N/A
1/7/2017,909,9.92,N/A,N/A
1/8/2017,923.33,10.5,N/A,N/A
1/9/2017,902.66,10.39,N/A,N/A
1/10/2017,907,10.63,N/A,N/A
1/11/2017,795.77,9.95,N/A,N/A
1/12/2017,812.25,9.8,N/A,N/A
1/13/2017,831.42,9.84,N/A,N/A
1/14/2017,828,9.86,N/A,N/A
1/15/2017,833.31,9.9,N/A,N/A
1/16/2017,834.41,9.66,N/A,N/A
1/17/2017,906,10.34,N/A,N/A
1/18/2017,887.99,10.23,N/A,N/A
1/19/2017,902.92,10.42,N/A,N/A
1/20/2017,894.31,10.62,N/A,N/A
1/21/2017,925.06,10.93,N/A,N/A
1/22/2017,931.22,10.77,N/A,N/A
1/23/2017,910.7,10.8,N/A,N/A
1/24/2017,887,10.57,N/A,N/A
1/25/2017,896,10.55,N/A,N/A
1/26/2017,917.02,10.6,N/A,N/A
1/27/2017,922.63,10.55,N/A,N/A
1/28/2017,924.98,10.58,N/A,N/A
1/29/2017,916.54,10.49,N/A,N/A
1/30/2017,923.23,10.6,N/A,N/A
1/31/2017,970.01,10.7,N/A,N/A
2/1/2017,992.75,10.72,N/A,N/A
2/2/2017,1008.38,10.82,N/A,N/A
2/3/2017,1018,10.99,N/A,N/A
2/4/2017,1035.54,11.41,N/A,N/A
2/5/2017,1016.32,11.26,N/A,N/A
2/6/2017,1022.58,11.34,N/A,N/A
2/7/2017,1053.96,11.51,N/A,N/A
2/8/2017,1056.7,11.41,N/A,N/A
2/9/2017,994.24,11.02,N/A,N/A
2/10/2017,1001.99,11.43,N/A,N/A
2/11/2017,1018.65,11.52,N/A,N/A
2/12/2017,1010,11.5,N/A,N/A
2/13/2017,1002.82,11.43,N/A,N/A
2/14/2017,1013.92,13.14,N/A,N/A
2/15/2017,1014.53,12.98,N/A,N/A
2/16/2017,1038.94,12.89,N/A,N/A
2/17/2017,1057.3,12.75,N/A,N/A
2/18/2017,1062.15,12.89,N/A,N/A
2/19/2017,1059.88,12.9,N/A,N/A
2/20/2017,1089.82,12.61,N/A,N/A
2/21/2017,1128.29,12.83,N/A,N/A
2/22/2017,1128.71,12.75,N/A,N/A
2/23/2017,1186.9,13.21,N/A,N/A
2/24/2017,1186.91,13.2,N/A,N/A
2/25/2017,1158,13.65,N/A,N/A
2/26/2017,1184.91,14.74,N/A,N/A
2/27/2017,1195.81,15.66,N/A,N/A
2/28/2017,1195.08,16.4,N/A,N/A
3/1/2017,1230,17.37,N/A,N/A
3/2/2017,1269.17,19.27,N/A,N/A
3/3/2017,1292.86,19.68,N/A,N/A
3/4/2017,1273.97,18.65,N/A,N/A
3/5/2017,1278.98,19.4,N/A,N/A
3/6/2017,1284.99,19.68,N/A,N/A
3/7/2017,1237.36,18.96,N/A,N/A
3/8/2017,1150.22,16.68,N/A,N/A
3/9/2017,1197.3,17.82,N/A,N/A
3/10/2017,1109.01,19.2,N/A,N/A
3/11/2017,1188.11,21.64,N/A,N/A
3/12/2017,1235.58,23.39,N/A,N/A
3/13/2017,1245.49,28.64,N/A,N/A
3/14/2017,1247.42,28.69,N/A,N/A
3/15/2017,1263,35.65,N/A,N/A
3/16/2017,1175.11,45.96,N/A,N/A
3/17/2017,1069.57,44.62,N/A,N/A
3/18/2017,970,33.64,N/A,N/A
3/19/2017,1019.49,43.21,N/A,N/A
3/20/2017,1044.96,42.31,N/A,N/A
3/21/2017,1114.42,42.36,N/A,N/A
3/22/2017,1034.57,41.37,N/A,N/A
3/23/2017,1025.14,42.99,N/A,N/A
3/24/2017,934.87,52.93,N/A,N/A
3/25/2017,963.72,50.5,N/A,N/A
3/26/2017,973.08,50.73,N/A,N/A
3/27/2017,1042.08,48.97,N/A,N/A
3/28/2017,1045.4,50.3,N/A,N/A
3/29/2017,1043.27,53.1,N/A,N/A
3/30/2017,1042.34,51.88,N/A,N/A
3/31/2017,1088.99,50.18,N/A,N/A
4/1/2017,1092,50.71,N/A,N/A
4/2/2017,1113.99,48.74,N/A,N/A
4/3/2017,1152.6,44.25,N/A,N/A
4/4/2017,1143.99,44.47,N/A,N/A
4/5/2017,1132.99,44.78,N/A,N/A
4/6/2017,1192.3,43.3,N/A,N/A
4/7/2017,1194,42.32,N/A,N/A
4/8/2017,1184.5,44.45,N/A,N/A
4/9/2017,1210.97,43.92,N/A,N/A
4/10/2017,1210,43.92,N/A,N/A
4/11/2017,1223.99,43.83,N/A,N/A
4/12/2017,1214.17,46.48,N/A,N/A
4/13/2017,1177.05,49.77,N/A,N/A
4/14/2017,1173.74,47.2,N/A,N/A
4/15/2017,1178.85,48.94,N/A,N/A
4/16/2017,1177.99,48.13,N/A,N/A
4/17/2017,1189.91,47.94,N/A,N/A
4/18/2017,1201.94,49.79,N/A,N/A
4/19/2017,1214.21,47.78,N/A,N/A
4/20/2017,1236.15,49.38,N/A,N/A
4/21/2017,1249.99,48.37,N/A,N/A
4/22/2017,1247,48.61,N/A,N/A
4/23/2017,1251.98,48.96,N/A,N/A
4/24/2017,1257.29,50.12,N/A,N/A
4/25/2017,1281.16,50.31,N/A,N/A
4/26/2017,1298.44,53.42,N/A,N/A
4/27/2017,1349.26,63.67,N/A,N/A
4/28/2017,1353.34,73.14,N/A,N/A
4/29/2017,1365.43,70.4,N/A,N/A
4/30/2017,1384.55,80.87,N/A,N/A
5/1/2017,1436.5,79.35,N/A,N/A
5/2/2017,1471.99,77.55,N/A,N/A
5/3/2017,1533,81.29,N/A,N/A
5/4/2017,1563.39,95.97,N/A,N/A
5/5/2017,1551.3,91.93,N/A,N/A
5/6/2017,1585.39,95.84,N/A,N/A
5/7/2017,1609.57,93.82,N/A,N/A
5/8/2017,1713,89.25,N/A,N/A
5/9/2017,1720.43,86.58,N/A,N/A
5/10/2017,1794.99,88.36,N/A,N/A
5/11/2017,1837.93,88.3,N/A,N/A
5/12/2017,1695.61,85.17,N/A,N/A
5/13/2017,1792.73,88.42,N/A,N/A
5/14/2017,1799.99,89.39,N/A,N/A
5/15/2017,1747.81,91,N/A,N/A
5/16/2017,1777.48,87.98,N/A,N/A
5/17/2017,1813.23,86.88,N/A,N/A
5/18/2017,1899.16,96.2,N/A,N/A
5/19/2017,1976.23,125.14,N/A,N/A
5/20/2017,2058.91,123.63,N/A,N/A
5/21/2017,2057,148.78,N/A,N/A
5/22/2017,2123.29,160.1,N/A,N/A
5/23/2017,2272.75,169.95,N/A,N/A
5/24/2017,2432.97,196.06,N/A,N/A
5/25/2017,2355,181.51,N/A,N/A
5/26/2017,2272.7,163.8,N/A,N/A
5/27/2017,2099.99,159.91,N/A,N/A
5/28/2017,2232.78,175.48,N/A,N/A
5/29/2017,2279.48,194.82,N/A,N/A
5/30/2017,2191.58,228.69,N/A,N/A
5/31/2017,2303.29,229.14,N/A,N/A
6/1/2017,2419.99,221.91,N/A,N/A
6/2/2017,2478.99,222.04,N/A,N/A
6/3/2017,2548.05,224.95,N/A,N/A
6/4/2017,2521.36,245.5,N/A,N/A
6/5/2017,2698,248,N/A,N/A
6/6/2017,2871.29,264.22,N/A,N/A
6/7/2017,2685.64,255.68,N/A,N/A
6/8/2017,2799.73,258.64,N/A,N/A
6/9/2017,2811.39,279.38,N/A,N/A
6/10/2017,2931.15,340.2,N/A,N/A
6/11/2017,2998.98,343.01,N/A,N/A
6/12/2017,2655.71,397.37,N/A,N/A
6/13/2017,2709.01,388,N/A,N/A
6/14/2017,2432.21,341.7,N/A,N/A
6/15/2017,2409.98,343.71,N/A,N/A
6/16/2017,2480.43,354.26,N/A,N/A
6/17/2017,2634.94,368.98,N/A,N/A
6/18/2017,2515.25,351.85,N/A,N/A
6/19/2017,2596.98,358.71,N/A,N/A
6/20/2017,2725.08,350.94,N/A,N/A
6/21/2017,2643.35,325.41,N/A,N/A
6/22/2017,2679.99,320.02,N/A,N/A
6/23/2017,2690.76,326.99,N/A,N/A
6/24/2017,2574.84,304.5,N/A,N/A
6/25/2017,2505.61,278.49,N/A,N/A
6/26/2017,2407.91,252.99,N/A,N/A
6/27/2017,2575.75,287.23,N/A,N/A
6/28/2017,2553.12,315.32,N/A,N/A
6/29/2017,2530,292.95,N/A,N/A
6/30/2017,2455.19,280.04,N/A,N/A
7/1/2017,2423.63,263.12,N/A,N/A
7/2/2017,2516.66,285,N/A,N/A
7/3/2017,2542.41,276.37,N/A,N/A
7/4/2017,2602,269.2,N/A,N/A
7/5/2017,2616.96,266.27,N/A,N/A
7/6/2017,2604.84,266.01,N/A,N/A
7/7/2017,2501.15,241.28,N/A,N/A
7/8/2017,2561.11,246.64,N/A,N/A
7/9/2017,2508.99,238.81,N/A,N/A
7/10/2017,2331.05,202.86,N/A,N/A
7/11/2017,2310.01,190.57,N/A,N/A
7/12/2017,2383.42,224.04,N/A,N/A
7/13/2017,2340,205,N/A,N/A
7/14/2017,2217.24,197.23,N/A,N/A
7/15/2017,1964.31,167.72,N/A,N/A
7/16/2017,1911.78,155.68,N/A,N/A
7/17/2017,2235.19,190.87,N/A,N/A
7/18/2017,2308.15,227.01,N/A,N/A
7/19/2017,2258.99,194.74,N/A,N/A
7/20/2017,2873.48,226.06,N/A,N/A
7/21/2017,2657.45,216.6,N/A,N/A
7/22/2017,2825.27,230.69,N/A,N/A
7/23/2017,2754.28,228.31,N/A,N/A
7/24/2017,2762.26,225.96,N/A,N/A
7/25/2017,2564,203.78,N/A,N/A
7/26/2017,2525.99,203.23,N/A,N/A
7/27/2017,2664.99,202.94,N/A,N/A
7/28/2017,2786.07,190.72,N/A,N/A
7/29/2017,2700.21,205.9,N/A,N/A
7/30/2017,2723.99,196.95,N/A,N/A
7/31/2017,2856.88,200.82,N/A,N/A
8/1/2017,2732.59,225.73,N/A,N/A
8/2/2017,2699.9,217.92,N/A,N/A
8/3/2017,2787.02,224,N/A,N/A
8/4/2017,2857.34,220.72,N/A,N/A
8/5/2017,3243.49,251.85,N/A,N/A
8/6/2017,3222.22,263.96,N/A,N/A
8/7/2017,3398.23,269.9,N/A,N/A
8/8/2017,3422.43,295.95,N/A,N/A
8/9/2017,3342.8,295.26,N/A,N/A
8/10/2017,3444.98,300.51,N/A,N/A
8/11/2017,3656.15,309.65,N/A,N/A
8/12/2017,3874,308.35,N/A,N/A
8/13/2017,4060.47,296.66,N/A,N/A
8/14/2017,4320.6,299.16,N/A,N/A
8/15/2017,4159.93,286.71,N/A,N/A
8/16/2017,4370.01,300.45,N/A,N/A
8/17/2017,4280.01,300.67,N/A,N/A
8/18/2017,4101.72,292.87,N/A,N/A
8/19/2017,4157.41,293.58,N/A,N/A
8/20/2017,4050.99,297.79,N/A,N/A
8/21/2017,4002,322,N/A,N/A
8/22/2017,4092,314.19,N/A,N/A
8/23/2017,4143.49,317.5,N/A,N/A
8/24/2017,4312.03,324.56,N/A,N/A
8/25/2017,4360,330.14,N/A,N/A
8/26/2017,4344.32,332.99,N/A,N/A
8/27/2017,4340.11,348.2,N/A,N/A
8/28/2017,4384.99,347.54,N/A,N/A
8/29/2017,4599,372.48,N/A,N/A
8/30/2017,4581.98,384.1,N/A,N/A
8/31/2017,4743.94,389.2,N/A,N/A
9/1/2017,4947.99,392.87,N/A,N/A
9/2/2017,4649.99,354.87,N/A,N/A
9/3/2017,4626.05,353.06,N/A,N/A
9/4/2017,4498.25,316.86,N/A,N/A
9/5/2017,4432.51,320.08,N/A,N/A
9/6/2017,4616.18,339.38,N/A,N/A
9/7/2017,4624.18,335.56,N/A,N/A
9/8/2017,4350,307.96,N/A,N/A
9/9/2017,4334.36,304.99,N/A,N/A
9/10/2017,4251.36,300.33,N/A,N/A
9/11/2017,4210.72,298.47,N/A,N/A
9/12/2017,4164.52,294.5,N/A,N/A
9/13/2017,3855.32,275.71,N/A,N/A
9/14/2017,3250.4,223.85,N/A,N/A
9/15/2017,3740.02,260.88,N/A,N/A
9/16/2017,3726.51,255.84,N/A,N/A
9/17/2017,3719.97,259.66,N/A,N/A
9/18/2017,4100,298,N/A,N/A
9/19/2017,3910.11,282.8,N/A,N/A
9/20/2017,3872.06,283.55,N/A,N/A
9/21/2017,3617.47,258.11,N/A,N/A
9/22/2017,3619.01,263.88,N/A,N/A
9/23/2017,3787.33,286.03,N/A,N/A
9/24/2017,3669.01,283.21,N/A,N/A
9/25/2017,3919.78,294.41,N/A,N/A
9/26/2017,3885.09,288.77,N/A,N/A
9/27/2017,4200,309.85,N/A,N/A
9/28/2017,4189.42,302.33,N/A,N/A
9/29/2017,4156.99,291.88,N/A,N/A
9/30/2017,4339,301.57,N/A,N/A
10/1/2017,4394.81,303.25,N/A,N/A
10/2/2017,4392.71,296.72,N/A,N/A
10/3/2017,4307.99,292.36,N/A,N/A
10/4/2017,4214.84,292,N/A,N/A
10/5/2017,4320.04,294.89,N/A,N/A
10/6/2017,4362.99,307.73,N/A,N/A
10/7/2017,4425,311.12,N/A,N/A
10/8/2017,4603.49,309.2,N/A,N/A
10/9/2017,4769.55,297,N/A,N/A
10/10/2017,4750,297.99,N/A,N/A
10/11/2017,4814.99,302,N/A,N/A
10/12/2017,5440,302.12,N/A,N/A
10/13/2017,5624.8,335.89,N/A,N/A
10/14/2017,5819.13,338.37,N/A,N/A
10/15/2017,5693.7,336.89,N/A,N/A
10/16/2017,5754.9,334.36,N/A,N/A
10/17/2017,5594,316.37,N/A,N/A
10/18/2017,5574.44,313.59,N/A,N/A
10/19/2017,5704.01,308.02,N/A,N/A
10/20/2017,5989.1,303.15,N/A,N/A
10/21/2017,6024.86,300,N/A,N/A
10/22/2017,6005.05,295.14,N/A,N/A
10/23/2017,5905.99,285.83,0.1774146,N/A
10/24/2017,5525.43,296.99,0.167556,N/A
10/25/2017,5739.97,296.76,0.1701414,N/A
10/26/2017,5891.61,295.98,0.1753698,N/A
10/27/2017,5780,297.59,0.1727157,N/A
10/28/2017,5752.01,295.11,0.1719051,N/A
10/29/2017,6140.01,303.38,0.1845414,N/A
10/30/2017,6124.16,306.87,0.1831362,N/A
10/31/2017,6445.01,303.51,0.191211,N/A
11/1/2017,6783.69,290.82,0.131354,N/A
11/2/2017,7039.98,285.4,0.1409432,N/A
11/3/2017,7170.01,306,0.143111,N/A
11/4/2017,7412.55,301.66,0.1474732,N/A
11/5/2017,7392,296.57,0.1470016,N/A
11/6/2017,6969.76,297.32,0.1424716,N/A
11/7/2017,7126.63,292.42,0.1414584,N/A
11/8/2017,7467.96,307.91,0.1449412,N/A
11/9/2017,7156,320.72,0.2133678,N/A
11/10/2017,6577.62,298.04,0.1980582,N/A
11/11/2017,6346.7,315.69,0.1870419,N/A
11/12/2017,5886.35,307.1,0.1806399,N/A
11/13/2017,6535.87,315.56,0.1935549,N/A
11/14/2017,6605,335.04,0.1976307,N/A
11/15/2017,7294,331.81,0.1458392,N/A
11/16/2017,7838.53,330.21,0.1579152,N/A
11/17/2017,7714.71,332.31,0.154615,N/A
11/18/2017,7777.01,346.6,0.1550308,N/A
11/19/2017,8031.82,354.59,0.1607958,N/A
11/20/2017,8256.01,368.24,0.1653094,N/A
11/21/2017,8109,361.51,0.1628886,N/A
11/22/2017,8250,381.73,0.1640852,N/A
11/23/2017,8031.16,406.61,0.2450445,N/A
11/24/2017,8215.01,470.98,0.1649682,N/A
11/25/2017,8795.5,466.77,0.1767078,N/A
11/26/2017,9401.11,473.99,0.1915834,N/A
11/27/2017,9768.71,477.53,0.1928608,N/A
11/28/2017,9949,468.52,0.1987502,0.1015946
11/29/2017,9935.98,434.01,0.2031892,0.0967747
11/30/2017,9903,434,0.1935494,0.1082012
12/1/2017,10869.84,463.82,0.2164024,0.1091904
12/2/2017,10930.24,460.34,0.2183808,0.1125003
12/3/2017,11290,464.76,0.2250006,0.1146923
12/4/2017,11643.98,468.22,0.2293846,0.1175585
12/5/2017,11718.35,457.3,0.235117,0.1322741
12/6/2017,14090,432.49,0.1322741,0.1616585
12/7/2017,17390.01,433.28,0.1616585,0.1592665
12/8/2017,16367.03,463.45,0.1592665,0.1576498
12/9/2017,15309.98,485.04,0.1576498,0.1537863
12/10/2017,15290.01,447.51,0.1537863,0.171922
12/11/2017,16885.76,518,0.171922,0.1724216
12/12/2017,17730.12,686.82,0.3448432,0.1669539
12/13/2017,16689.61,711.94,0.3339078,0.1644668
12/14/2017,16749.78,705.01,0.6578672,0.1758491
12/15/2017,17738.67,693.5,0.7033964,0.3843426
12/16/2017,19650.01,703.59,0.5765139,0.365778
12/17/2017,19378.99,732.18,0.548667,0.3739964
12/18/2017,19039.01,785.65,0.7479928,0.50931
12/19/2017,17838.73,826.65,0.67908,0.3247132
12/20/2017,16496.89,802.86,0.6494264,0.4681053
12/21/2017,15758.8,796.98,0.9362106,0.2997174
12/22/2017,14210.57,682.11,1.0490109,0.2909912
12/23/2017,15075.89,732.8,1.0184692,0.2816806
12/24/2017,14221.94,697.04,0.9858821,0.4191111
12/25/2017,14171.98,740.5,0.9779259,0.3183184
12/26/2017,15790.88,755.07,0.9549552,0.3037756
12/27/2017,15367.08,739.99,1.2151024,0.278125
12/28/2017,14450.01,719.5,1.1125,0.4347855
12/29/2017,14565.05,748.89,1.739142,0.650611
12/30/2017,12839.99,710.58,1.951833,0.6940495
12/31/2017,13863.13,741.27,1.9433386,0.679207
1/1/2018,13480.01,759.03,1.9017796,0.7378315
1/2/2018,14781.51,865,2.0659282,1.07088022
1/3/2018,15098.14,938.31,2.77523888,1.20873465
1/4/2018,15144.99,949,2.9248394,0.94930528
1/5/2018,16960.01,969.27,2.44107072,1.00318939
1/6/2018,17098.99,1006.68,2.70351039,0.94610158
1/7/2018,16174.22,1118.3,2.6458773,0.895116
1/8/2018,14993.74,1137.01,2.4466504,0.81440576
1/9/2018,14480.99,1290.01,2.1087292,0.7681767
1/10/2018,14875.18,1246.94,1.9856643,0.71405681
1/11/2018,13308.06,1137.01,1.98049719,0.85083158
1/12/2018,13820,1260,1.96240187,0.8558652
1/13/2018,14187.95,1386.02,1.95422554,0.823188
1/14/2018,13656.23,1365.46,1.8658928,0.80662572
1/15/2018,13590,1278.63,1.76623218,0.5317915
1/16/2018,11570.01,1080,1.04231134,0.6817164
1/17/2018,11200.01,1028.06,1.34070892,0.66722156
1/18/2018,11305.53,1025.78,1.63354244,0.63426832
1/19/2018,11498.99,1037.45,1.51771348,0.67978955
1/20/2018,12762.8,1150.02,1.50789682,0.62020335
1/21/2018,11518.17,1047.13,1.404234,0.53753128
1/22/2018,10766.7,999.68,1.17843396,0.57182008
1/23/2018,10824.94,984.03,1.3745675,0.62829648
1/24/2018,11356.79,1056.99,1.33513002,0.64124145
1/25/2018,11118,1040,1.31623245,0.6093192
1/26/2018,11086.89,1045.57,1.1859963,0.61938648
1/27/2018,11319,1100,1.21583272,0.63482292
1/28/2018,11536,1215.01,1.34018172,0.59683353
1/29/2018,11123.01,1162.27,1.27249413,0.51825486
1/30/2018,9995,1054.39,1.1178046,0.49110299
1/31/2018,10099.99,1105.01,1.09245359,0.42285776
2/1/2018,9014.23,1017.48,0.9652188,0.36958629
2/2/2018,8787.52,911.99,0.859503,0.454291
2/3/2018,9240,969.4,0.93583946,0.38778337
2/4/2018,8167.91,826,0.81682029,0.32957712
2/5/2018,6905.19,693.54,0.70214256,0.35759526
2/6/2018,7688.46,783.83,0.76183338,0.35611752
2/7/2018,7575.75,750.04,0.76079652,0.335708
2/8/2018,8218.1,812,0.73692,0.37619736
2/9/2018,8671.01,875.99,0.88919376,0.37004572
2/10/2018,8547.49,849.47,0.98398521,0.35365522
2/11/2018,8072.99,811.35,0.9869448,0.36226165
2/12/2018,8872.28,864.4,1.0426067,0.35087144
2/13/2018,8520.01,840.49,0.9841516,0.3806973
2/14/2018,9472.98,920.26,1.1328066,0.38512773
2/15/2018,10031.23,929.3,1.09613277,0.38311258
2/16/2018,10167.49,936.02,1.1090101,0.40062996
2/17/2018,11121.5,974.99,1.16850405,0.3656086
2/18/2018,10380.04,912.41,1.08637984,0.37727547
2/19/2018,11140,939.01,1.12039382,0.36266466
2/20/2018,11235.57,884.76,1.06459626,0.32901216
2/21/2018,10454.27,840.34,0.94590996,0.31708992
2/22/2018,9830,806,0.8918154,0.3214976
2/23/2018,10144.99,854.01,0.9343524,0.329043495
2/24/2018,9688.62,833.2,0.927304395,0.31632414
2/25/2018,9597.99,841.96,0.90104452,0.3321808
2/26/2018,10300,867.09,0.92387785,0.33366819
2/27/2018,10566.57,871.07,0.94718712,0.30573395
2/28/2018,10307.27,849.99,0.89611675,0.30633932
3/1/2018,10895.92,868.74,0.91901796,0.2980287
3/2/2018,11000,854.31,0.9051242,0.2840195
3/3/2018,11432.5,854.34,0.89750162,0.29823274
3/4/2018,11469.9,861.74,0.97499165,0.30081948
3/5/2018,11377.54,848.83,0.97187832,0.28046304
3/6/2018,10700,815.43,0.94925952,0.2486545
3/7/2018,9925,751.38,0.86531766,0.21467832
3/8/2018,9304.89,698.83,0.81204408,0.20715318
3/9/2018,9255,728.46,0.80159274,0.18734606
3/10/2018,8795.44,683.6,0.75789997,0.21895448
3/11/2018,9533.88,719.79,0.81869936,0.21623088
3/12/2018,9120,696.51,0.78383694,0.20835769
3/13/2018,9145.41,690.39,0.77001755,0.19919736
3/14/2018,8207.02,614.63,0.69719076,0.1818003
3/15/2018,8259.99,610.99,0.6776193,0.17906658
3/16/2018,8275,600.51,0.69068538,0.14973463
3/17/2018,7857.6,549.79,0.6304616,0.15592198
3/18/2018,8192,538,0.64830718,0.17686767
3/19/2018,8589,555.55,0.6737816,0.19618478
3/20/2018,8900,558,0.70448171,0.21325368
3/21/2018,8891.81,559.98,0.67530332,0.19778459
3/22/2018,8715.09,539.89,0.64494975,0.18099186
3/23/2018,8927.1,543.04,0.62054352,0.18754384
3/24/2018,8531.34,519.57,0.63082928,0.17753988
3/25/2018,8453,522.55,0.634071,0.1579552
3/26/2018,8145,486.75,0.57653648,0.1598824
3/27/2018,7793.61,449,0.58357076,0.1581758
3/28/2018,7942.72,445.47,0.56943288,0.1426158
3/29/2018,7080,383.29,0.51341688,0.143934
3/30/2018,6848.01,394.46,0.493488,0.15239576
3/31/2018,6928.5,394.54,0.49874976,0.15269342
4/1/2018,6816.01,378.18,0.49972392,0.14560518
4/2/2018,7045.01,384,0.4853506,0.16300944
4/3/2018,7424.9,416.28,0.53348544,0.15040828
4/4/2018,6791.68,378.43,0.49224528,0.14823506
4/5/2018,6785.85,381.55,0.492503144,0.14272192
4/6/2018,6619.01,370.32,0.47234474,0.147148049
4/7/2018,6894.01,384.61,0.484885231,0.155826034
4/8/2018,7020.01,399.9,0.497898602,0.151288653
4/9/2018,6771.13,398.8,0.485912324,0.155676352
4/10/2018,6824.99,415.45,0.490695143,0.166580323
4/11/2018,6942.99,430.81,0.539320286,0.215892772
4/12/2018,7916,493.41,0.641740672,0.201129245
4/13/2018,7893.19,495.76,0.641690561,0.204365972
4/14/2018,8003.11,502.4,0.640624108,0.226186092
4/15/2018,8355.25,533.74,0.691760124,0.256245137
4/16/2018,8048.93,511.28,0.662886272,0.242515321
4/17/2018,7892.1,502.42,0.654783476,0.262448812
4/18/2018,8152.05,525.89,0.71083289,0.270062381
4/19/2018,8274,567.29,0.783710438,0.30145182
4/20/2018,8866.27,617.17,0.925634412,0.286616286
4/21/2018,8915.42,605.16,0.864484641,0.281684743
4/22/2018,8795.01,620.07,0.862032729,0.287490123
4/23/2018,8931.3,642.85,0.87391632,0.308843043
4/24/2018,9645.1,703.38,0.920740132,0.267709987
4/25/2018,8865.98,617.49,0.790668056,0.293142851
4/26/2018,9272.11,661,0.848869618,0.284074793
4/27/2018,8922.55,643.11,0.805280193,0.35525594
4/28/2018,9329.99,682,0.861243502,0.361450541
4/29/2018,9389.01,687.51,0.866785841,0.340357294
4/30/2018,9243.83,669.81,0.829892072,0.355011248
5/1/2018,9072.29,670.75,0.836650133,0.370807083
5/2/2018,9190.48,685.02,0.857502905,0.365933387
5/3/2018,9725.74,775.51,0.879994269,0.357507374
5/4/2018,9685,783.01,0.888483881,0.363395639
5/5/2018,9800,812,0.897835644,0.3450161
5/6/2018,9600,784.28,0.861046883,0.330923038
5/7/2018,9353,752.42,0.825762101,0.321850459
5/8/2018,9177.82,746.99,0.806003933,0.318241888
5/9/2018,9300.08,750,0.794255053,0.291805653
5/10/2018,9010.51,723.51,0.74863119,0.255711737
5/11/2018,8403.33,678.05,0.677358703,0.2646075
5/12/2018,8475,684.66,0.683830454,0.277044694
5/13/2018,8686.1,729.29,0.730358966,0.265787299
5/14/2018,8670,726.9,0.727207923,0.253898716
5/15/2018,8477.46,706.08,0.69017061,0.251878896
5/16/2018,8344,707.45,0.70702848,0.238800531
5/17/2018,8059,668.56,0.657506045,0.243652826
5/18/2018,8238.51,694.5,0.67651138,#N/A
5/19/2018,8235.6,695.96,0.67651138,0.255079059
5/20/2018,8516.86,714,0.69786905,0.24601745
5/21/2018,8393.44,696.77,0.67575032,0.220785298
5/22/2018,7987.7,640.5,0.638925943,0.198395977
5/23/2018,7505,577.2,0.591661226,0.206704284
5/24/2018,7584.15,602.64,0.628065931,0.198263984
5/25/2018,7459.11,584.02,0.606142657,0.194985032
5/26/2018,7337.95,584.99,0.608649667,0.192143819
5/27/2018,7346.64,570.75,0.604006633,0.172655941
5/28/2018,7107.94,511.33,0.547087088,0.201333891
5/29/2018,7460,566.66,0.59774027,0.207884336
5/30/2018,7380.01,557.22,0.60064488,0.218087426
5/31/2018,7485,577.1,0.597032625,#N/A
6/1/2018,7514.32,578.89,0.597032625,0.226357292
6/2/2018,7636.42,590.46,0.642350843,0.225999104
6/3/2018,7706.37,618.63,0.687793178,0.211771984
6/4/2018,7487.37,591.5,0.654867591,0.218149434
6/5/2018,7612.51,607.6,0.674030701,0.214414589
6/6/2018,7655,606.18,0.673251094,0.210187186
6/7/2018,7684.93,603.56,0.677150232,0.204598261
6/8/2018,7618.8,598.59,0.672675815,0.200672984
6/9/2018,7496.4,593.41,0.65806951,0.173044141
6/10/2018,6770.31,525.25,0.580258477,0.179107889
6/11/2018,6881,531.68,0.599274898,0.163559226
6/12/2018,6545,494.14,0.5572158,0.157965067
6/13/2018,6302.31,476.02,0.530162774,0.170687436
6/14/2018,6638.49,519.75,0.556791443,0.161025312
6/15/2018,6391.22,487.45,0.533000813,0.162228583
6/16/2018,6484.29,497.31,0.533231524,0.160666169
6/17/2018,6447.16,496.5,0.526315753,0.163700558
6/18/2018,6709.02,517.47,0.538486912,0.166642208
6/19/2018,6736.41,538.5,0.548019806,0.16169609
6/20/2018,6759.18,536,0.539572823,0.157861491
6/21/2018,6719.01,525.49,0.534672637,0.138001186
6/22/2018,6059.82,462.01,0.481825428,0.137510705
6/23/2018,6178.29,475.17,0.491542084,0.131025174
6/24/2018,6149.99,454.79,0.474973943,0.135089327
6/25/2018,6246.01,458.41,0.480560599,0.125424449
6/26/2018,6074,429.08,0.454374702,0.127172702
6/27/2018,6132.17,441.41,0.470183357,0.11878201
6/28/2018,5851.66,420,0.447712281,0.125410084
6/29/2018,6202.36,434.6,0.453835502,0.137965032
6/30/2018,6383.19,453.29,0.467484291,0.1417495
7/1/2018,6349.5,451.43,0.460796965,0.15446933
7/2/2018,6611.79,476.34,0.489759808,0.149302832
7/3/2018,6502.62,461.75,0.483949352,0.151300859
7/4/2018,6587.47,466.9,0.491480567,0.147461184
7/5/2018,6532.95,467.25,0.476699652,0.145379445
7/6/2018,6600,469.3,0.47716485,0.148072208
7/7/2018,6753.28,484.48,0.485942368,0.144846662
7/8/2018,6701.97,486.08,0.478349561,0.139135133
7/9/2018,6664.01,471.6,0.472313133,0.12816337
7/10/2018,6303.7,432.59,0.44255133,0.131429752
7/11/2018,6390.04,446.25,0.449813056,0.126833178
7/12/2018,6249.75,431.46,0.436086528,0.137262158
7/13/2018,6216.29,432.8,0.437970148,0.136436845
7/14/2018,6248.65,434.13,0.437810399,0.142149408
7/15/2018,6348.73,449.41,0.446319937,0.156241994
7/16/2018,6728.81,478.18,0.480946025,0.171150945
7/17/2018,7315.01,499.01,0.506501429,0.180106012
7/18/2018,7378.99,478.81,0.488521878,0.181589283
7/19/2018,7470.01,468.39,0.476391638,0.161068255
7/20/2018,7334.46,448.21,0.444624664,0.163833776
7/21/2018,7408,461.5,0.455572217,0.169350292
7/22/2018,7397.8,456.9,0.448345464,0.164075113
7/23/2018,7720.09,449,0.444608056,0.174067523
7/24/2018,8385.5,478.79,0.458476154,0.172443861
7/25/2018,8157.15,470.81,0.459196171,0.164430605
7/26/2018,7931.99,461.42,0.449168544,0.165316677
7/27/2018,8184.21,469.3,0.454457505,0.16216804
7/28/2018,8228.9,468.12,0.454891616,0.162723671
7/29/2018,8216.34,466.01,0.452978627,0.15309696
7/30/2018,8170.01,456.46,0.445803961,0.141652019
7/31/2018,7727.27,432.35,0.43493591,0.139659578
8/1/2018,7603.99,419.6,0.446119981,0.130954129
8/2/2018,7533.92,410.71,0.429858058,0.129424905
8/3/2018,7414.08,417.8,0.440712198,0.12626757
8/4/2018,7005,407,0.429562132,0.130432627
8/5/2018,7030.01,408.83,0.434306916,0.129364182
8/6/2018,6938,404.99,0.412287669,0.1236631
8/7/2018,6718.22,378.08,0.378176671,0.112628576
8/8/2018,6282.5,355.7,0.331544877,0.121908579
8/9/2018,6546.45,363.99,0.344166342,0.114599084
8/10/2018,6146.01,330.99,0.318555974,0.109920317
8/11/2018,6235.56,318.02,0.297501051,0.111594746
8/12/2018,6316.01,318.15,0.295397856,0.100962371
8/13/2018,6253.67,284.11,0.27425506,0.093674571
8/14/2018,6195.01,279.4,0.272676474,0.09354661
8/15/2018,6269.01,281.21,0.279636648,0.094621077
8/16/2018,6315.9,286.67,0.291753582,0.109223678
8/17/2018,6585.49,317.54,0.366552825,0.098310719
8/18/2018,6396.64,296.61,0.328320341,0.101593937
8/19/2018,6489.53,300.03,0.342409194,0.092027562
8/20/2018,6258.74,270.76,0.314923453,0.094483965
8/21/2018,6475.89,281.49,0.33351091,0.089286483
8/22/2018,6359.99,270.47,0.31783702,0.09199533
8/23/2018,6526.36,275.87,0.32550189,0.093895635
8/24/2018,6690.88,281.35,0.326459662,0.094146683
8/25/2018,6737.52,277.97,0.326088655,0.093124301
8/26/2018,6709.98,274.25,0.322652254,0.100558058
8/27/2018,6911.9,287.99,0.339107186,0.105425993
8/28/2018,7071.01,295.39,0.350736005,0.10546964
8/29/2018,7030.9,289,0.34462328,0.100731775
8/30/2018,6983,284.52,0.334748035,0.101607647
8/31/2018,7015.01,281.94,0.334554925,0.106900165
9/1/2018,7191.08,294.64,0.346382433,0.104789946
9/2/2018,7295,295.06,0.341807874,0.103483928
9/3/2018,7256.98,288.6,0.334852203,0.105227122
9/4/2018,7360,285.43,0.330619202,0.086327942
9/5/2018,6687.96,227.56,0.279691776,0.08779861
9/6/2018,6495,229.03,0.300866093,0.083062077
9/7/2018,6395.01,215.21,0.287478169,0.077300625
9/8/2018,6188,197,0.276612557,0.075624316
9/9/2018,6235.01,195.91,0.275978835,0.073188692
9/10/2018,6300,196.94,0.269473193,0.069944911
9/11/2018,6282.53,185.15,0.262670818,0.06608948
9/12/2018,6326,182.79,0.269295641,0.069259373
9/13/2018,6485.99,211.39,0.27885328,0.067800436
9/14/2018,6478.04,210,0.276197566,0.068976522
9/15/2018,6518.68,221.69,0.281056507,0.069887148
9/16/2018,6498,220.19,0.281108861,0.063333267
9/17/2018,6250.7,195.97,0.270588724,0.069170122
9/18/2018,6335.7,208.5,0.319745081,0.072087434
9/19/2018,6386.94,209.81,0.326502396,0.080852043
9/20/2018,6493.11,224.41,0.44900484,0.087545318
9/21/2018,6750,247.76,0.562154429,0.08316265
9/22/2018,6707.33,240.71,0.5728684,0.089697781
9/23/2018,6696.99,244.35,0.571706034,0.08231875
9/24/2018,6582.09,228.01,0.491282506,0.080843696
9/25/2018,6436.89,219.19,0.524775998,0.079012771
9/26/2018,6455.66,214.15,0.512064778,0.086276619
9/27/2018,6680.01,229,0.542673245,0.083729322
9/28/2018,6620.01,220.67,0.539765748,0.084324854
9/29/2018,6581,231.01,0.568846628,0.084918691
9/30/2018,6605,232.27,0.581656629,0.084299018
10/1/2018,6572.83,230.4,0.575790634,0.082073706
10/2/2018,6498.46,224.85,0.516236442,0.080477857
10/3/2018,6466.03,219.01,0.527159147,0.081352542
10/4/2018,6547.45,221,0.527509086,0.083007708
10/5/2018,6593.94,226.89,0.519079277,0.081337946
10/6/2018,6552.43,223.85,0.488225101,0.084390743
10/7/2018,6570,224.82,0.480849361,0.086627479
10/8/2018,6608.07,227.68,0.490977694,0.08622341
10/9/2018,6589.48,226.15,0.479601137,0.084438446
10/10/2018,6524.56,223.61,0.460674661,0.070298445
10/11/2018,6154.69,188.32,0.379686125,0.072272891
10/12/2018,6188.01,194.1,0.415180724,0.073197442
10/13/2018,6196,196.72,0.419564717,0.071010888
10/14/2018,6183.49,191.87,0.403502294,0.073872043
10/15/2018,6440.42,204.53,0.44446888,0.074767977
10/16/2018,6457.11,205.43,0.467495244,0.077450682
10/17/2018,6443.7,203.21,0.469467275,0.074901418
10/18/2018,6394.96,199.2,0.457292868,0.076069275
10/19/2018,6382.99,200,0.45576935,0.075715714
10/20/2018,6414,202.69,0.456608179,0.075494133
10/21/2018,6415.88,202.12,0.45496507,0.075521611
10/22/2018,6407.65,201.25,0.4514557,0.075273821
10/23/2018,6395.14,201.12,0.466528684,0.074571058
10/24/2018,6415.98,200.68,0.459388924,0.0742451
10/25/2018,6395.58,199.65,0.460047516,0.073950667
10/26/2018,6404.87,200.7,0.461770757,0.073018668
10/27/2018,6409.12,201.46,0.458067421,0.073446458
10/28/2018,6403.62,202.43,0.463217875,0.069829522
10/29/2018,6266,194.31,0.442400959,0.069721854
10/30/2018,6267.63,195.35,0.445715089,0.070188007
10/31/2018,6304.18,196.95,0.451752075,0.071011789
11/1/2018,6344,197.96,0.458655316,0.072675202
11/2/2018,6349.8,199.75,0.459945746,0.07149044
11/3/2018,6331.96,198.35,0.455984124,0.076821674
11/4/2018,6423.28,210.06,0.467592523,0.076257984
11/5/2018,6404,208.53,0.49831867,0.080998617
11/6/2018,6448.5,218.65,0.550250047,0.078539686
11/7/2018,6503.12,216.84,0.537767237,0.076372906
11/8/2018,6406.24,210.34,0.494084367,0.074201436
11/9/2018,6334.89,208.01,0.501923088,0.07505737
11/10/2018,6347.42,210.29,0.506618051,0.076529442
11/11/2018,6357.6,209.88,0.50685052,0.07608432
11/12/2018,6327.87,208.77,0.518906558,0.073092075
11/13/2018,6259.34,203.2,0.507407489,0.065052781
11/14/2018,5605.46,177.79,0.47367895,0.063418825
11/15/2018,5579.52,178.89,0.481714166,0.061131248
11/16/2018,5512.24,172.4,0.474619568,0.060738177
11/17/2018,5504.17,172.49,0.495223079,0.061971015
11/18/2018,5560,175.87,0.513752064,0.051647372
11/19/2018,4733.5,145.21,0.474313884,0.044884487
11/20/2018,4349.23,127.55,0.435228982,0.047841633
11/21/2018,4545.11,134.73,0.448261516,0.043593485
11/22/2018,4265.36,123.25,0.422382135,0.043063127
11/23/2018,4283.8,121.44,0.40653188,0.038639675
11/24/2018,3774.99,110.16,0.376430752,0.03775214
11/25/2018,3936.69,114.3,0.376969543,0.035666569
11/26/2018,3731.32,106.95,0.355581446,0.036579425
11/27/2018,3775,108.7,0.36210864,0.042024173
11/28/2018,4225.03,121.94,0.390954092,0.041872819
11/29/2018,4248,116.38,0.380262281,0.038808958
11/30/2018,3976,111.65,0.362852299,0.041509355
12/1/2018,4142.01,116.82,0.373883186,0.041580192
12/2/2018,4103.19,114.76,0.367457094,0.038555726
12/3/2018,3833.47,107.21,0.348224843,0.037335808
12/4/2018,3901.84,108.61,0.350531043,0.034212517
12/5/2018,3694.39,100.76,0.338017561,0.030611314
12/6/2018,3433.26,89.09,0.308991604,0.029661657
12/7/2018,3380.01,92.45,0.300837903,0.030569599
12/8/2018,3401,89.99,0.306619513,0.031452477
12/9/2018,3531.18,92.79,0.312086872,0.029750275
12/10/2018,3410.15,89.23,0.299130553,0.029452082
12/11/2018,3349.36,86.96,0.301218192,0.030517683
12/12/2018,3430.24,89.09,0.30684718,0.029183034
12/13/2018,3265,85.35,0.300313199,0.028546584
12/14/2018,3195.71,83,0.290615614,0.028152756
12/15/2018,3183,83.03,0.285153835,0.028949913
12/16/2018,3195,83.74,0.286241253,0.032657486
12/17/2018,3496.82,93.79,0.329352871,0.034617147
12/18/2018,3667.77,101,0.352817402,0.034453236
12/19/2018,3682.51,99.34,0.351239048,0.03931841
12/20/2018,4075.34,114.52,0.378617762,0.040701772
12/21/2018,3839.06,107.74,0.357845946,0.042142433
12/22/2018,3980.46,116.09,0.362529272,0.044319083
12/23/2018,3944.93,129.61,0.371713453,0.04540412
12/24/2018,4034,139.09,0.404953368,0.041612433
12/25/2018,3780,128.82,0.380885176,0.040990402
12/26/2018,3809.88,130.47,0.376910528,0.036574918
12/27/2018,3589.89,114.63,0.338389448,0.041587941
12/28/2018,3888.06,136.82,0.375142981,0.040775349
12/29/2018,3729.31,134.15,0.358882758,0.042914366
12/30/2018,3829,138.78,0.367586705,0.040678789
12/31/2018,3691.86,130.53,0.349323856,0.042318131
1/1/2019,3826.1,139.75,0.363614377,0.044973119
1/2/2019,3890.79,153.5,0.374222701,0.042251177
1/3/2019,3787.57,147.23,0.354766548,0.043502567
1/4/2019,3820.25,153.24,0.356549401,0.044362507
1/5/2019,3798.62,154.21,0.350983596,0.049077976
1/6/2019,4040.99,155.92,0.366023524,0.047836437
1/7/2019,4006.01,150.62,0.363697442,0.0482691
1/8/2019,3993.86,148.97,0.364106913,0.052129578
1/9/2019,4004.12,149.5,0.36944005,0.044098609
1/10/2019,3626.12,126.41,0.328112058,0.04378546
1/11/2019,3635.69,125.83,0.329401217,0.043352213
1/12/2019,3619.41,124.59,0.328925857,0.039879354
1/13/2019,3514.24,115.58,0.314300999,0.043917194
1/14/2019,3664.19,128.37,0.332447216,0.042590749
1/15/2019,3580.76,120,0.326064132,0.044318202
1/16/2019,3609.71,122.12,0.326843138,0.045077147
1/17/2019,3640.65,122.55,0.328096949,0.043906236
1/18/2019,3607.85,119.53,0.321794768,0.045574716
1/19/2019,3682.65,123.17,0.329676749,0.042980695
1/20/2019,3536.19,117.43,0.317564216,0.042591138
1/21/2019,3531.76,115.86,0.318030091,0.043354502
1/22/2019,3577.03,118.08,0.318324437,0.042734862
1/23/2019,3553.01,116.55,0.314991943,0.042948101
1/24/2019,3568.97,116.4,0.316763732,0.042502211
1/25/2019,3562.17,114.95,0.314306297,0.042440963
1/26/2019,3556.07,115.01,0.312998975,0.040996108
1/27/2019,3531.02,111.35,0.307527819,0.038599627
1/28/2019,3429.95,105.47,0.292610634,0.037857862
1/29/2019,3397.42,104.02,0.286364767,0.039503868
1/30/2019,3437.55,107.61,0.321025571,0.038084642
1/31/2019,3411.5,105.79,0.307781902,0.038370386
2/1/2019,3437.5,105.88,0.305020589,0.039113024
2/2/2019,3468.43,109.3,0.30916617,0.037820563
2/3/2019,3414.78,105.94,0.299032212,0.03744534
2/4/2019,3409.57,106.08,0.295296927,0.037826082
2/5/2019,3428.4,106,0.297348233,0.036368293
2/6/2019,3367.36,103.36,0.287241569,0.036135771
2/7/2019,3359,103.21,0.288682114,0.04055722
2/8/2019,3621.99,117.96,0.310775895,0.040923435
2/9/2019,3623.73,118.06,0.309976739,0.042558946
2/10/2019,3648.84,123.94,0.307261779,0.041549911
2/11/2019,3590.36,119.55,0.301141922,0.041495315
2/12/2019,3588.06,120.82,0.303119143,0.04074644
2/13/2019,3576.68,120.74,0.301532263,0.04011262
2/14/2019,3561.5,119.39,0.29849128,0.040251182
2/15/2019,3566.59,120.42,0.299517727,0.040838654
2/16/2019,3582.37,121.56,0.299383793,0.041238928
2/17/2019,3625.08,132.34,0.300815294,0.045550876
2/18/2019,3867,144.62,0.321747631,0.046136895
2/19/2019,3888.01,142.69,0.324104619,0.047161862
2/20/2019,3938.99,147.19,0.330326712,0.044743934
2/21/2019,3897.71,144.21,0.318508842,0.045720139
2/22/2019,3942.02,146.68,0.320424712,0.048494354
2/23/2019,4110,157.56,0.332473271,0.041661933
2/24/2019,3734.22,131.76,0.297663452,0.043469106
2/25/2019,3818.79,137.64,0.327034143,0.042802797
2/26/2019,3799.48,135.66,0.315883579,0.042893313
2/27/2019,3799.91,134.46,0.310061075,0.042698869
2/28/2019,3792.14,134.48,0.312632065,0.042861124
3/1/2019,3806.17,134.72,0.314425367,0.042330014
3/2/2019,3809.7,132.32,0.31303777,0.041879421
3/3/2019,3786.93,129.78,0.309782418,0.040150051
3/4/2019,3700.72,125.24,0.301442559,0.042852555
3/5/2019,3844.59,136.3,0.314365144,0.042578934
3/6/2019,3851.89,137,0.316500578,0.042699201
3/7/2019,3857.05,136.21,0.312422135,0.042286915
3/8/2019,3843.12,132.75,0.306886586,0.046749915
3/9/2019,3917,136.41,0.313079185,0.045328498
3/10/2019,3900.92,134.66,0.311181819,0.047282349
3/11/2019,3849.68,132.05,0.309802124,0.047182575
3/12/2019,3860,132.8,0.310077987,0.046143618
3/13/2019,3851.02,131.16,0.312686471,0.047474491
3/14/2019,3853.95,131.4,0.309909369,0.049603914
3/15/2019,3902.8,135.99,0.31325538,0.051258422
3/16/2019,3990,140.48,0.319050484,0.049773726
3/17/2019,3967.01,138.07,0.315374328,0.049764887
3/18/2019,3970.5,137.01,0.313282832,0.051924233
3/19/2019,4000.85,138.1,0.31574701,0.053544817
3/20/2019,4033,138.73,0.317591916,0.052278259
3/21/2019,3972.76,134.41,0.309653964,0.057851003
3/22/2019,3983.78,135.87,0.310468781,0.063399549
3/23/2019,3983.43,136.52,0.311429219,0.061363902
3/24/2019,3969.52,135.37,0.307449415,0.058247449
3/25/2019,3908.01,133.01,0.301568753,0.061447961
3/26/2019,3922.42,133.28,0.301955184,0.067070619
3/27/2019,4026.53,139.27,0.310631579,0.065457326
3/28/2019,4011.17,137.46,0.305851347,0.071176008
3/29/2019,4091.01,142.83,0.307483307,0.072165608
3/30/2019,4094.14,142.12,0.311471719,0.070168437
3/31/2019,4095,141.2,0.309860453,0.072270355
4/1/2019,4137.01,141,0.313033098,0.086066269
4/2/2019,4901.93,164.69,0.353040652,0.091156548
4/3/2019,4975.07,161.33,0.342488458,0.087283368
4/4/2019,4906.49,157.4,0.330947593,0.091016523
4/5/2019,5040.66,166.08,0.36379383,0.090099526
4/6/2019,5049.22,165.79,0.353700835,0.090348605
4/7/2019,5190.2,174.84,0.363448506,0.086904052
4/8/2019,5285.54,180.74,0.358940021,0.083644389
4/9/2019,5193.49,175.83,0.350144864,0.089378358
4/10/2019,5320.81,177.55,0.35367777,0.083220414
4/11/2019,5041.32,164.92,0.328501899,0.083102875
4/12/2019,5078.18,164.27,0.325701204,0.083043912
4/13/2019,5066.22,163.75,0.325755302,0.084783416
4/14/2019,5164,168.11,0.330085203,0.081677182
4/15/2019,5029.99,160.24,0.319152555,0.083153739
4/16/2019,5204.92,166.38,0.325539813,0.082985802
4/17/2019,5227,166.54,0.336253818,0.081658454
4/18/2019,5282.32,174.15,0.336972003,0.079510784
4/19/2019,5290.36,173.83,0.332511205,0.076423079
4/20/2019,5319.89,173.73,0.328630958,0.073911898
4/21/2019,5297.64,169.9,0.322253542,0.07838624
4/22/2019,5387.6,171.58,0.324737596,0.073918906
4/23/2019,5532.85,171.07,0.319758952,0.072405904
4/24/2019,5443.14,165.75,0.300692727,0.068707933
4/25/2019,5125.3,151.95,0.287741871,0.068406292
4/26/2019,5159.51,153.41,0.296965131,0.069113245
4/27/2019,5170.6,155.66,0.2928747,0.067247733
4/28/2019,5155,153.19,0.292054402,0.064065425
4/29/2019,5148.25,152.36,0.288883497,0.069618511
4/30/2019,5267.43,160.4,0.306291844,0.068418735
5/1/2019,5321.15,158.39,0.301171972,0.067390531
5/2/2019,5390.01,158.7,0.297196079,0.068850536
5/3/2019,5657.4,164.91,0.30299576,0.066492959
5/4/2019,5770.01,161.85,0.301041987,0.06538188
5/5/2019,5715.86,161.25,0.297350545,0.066261793
5/6/2019,5687.9,171.07,0.299985623,0.063180243
5/7/2019,5743.3,166.34,0.293832511,0.064284338
5/8/2019,5943.6,169.58,0.298150642,0.061333114
5/9/2019,6153.09,170.11,0.293393364,0.063009554
5/10/2019,6343.14,172.21,0.297702657,0.075113939
5/11/2019,7223.21,193.99,0.321291592,0.070242249
5/12/2019,6979.76,188.23,0.310305219,0.072803344
5/13/2019,7825.41,196.51,0.323995576,0.084886085
5/14/2019,7990.92,217.6,0.409438304,0.094010041
5/15/2019,8204.24,249.12,0.457751736,0.08793761
5/16/2019,7878.96,264.39,0.418692019,0.083163876
5/17/2019,7361.1,244.59,0.38915238,0.07872654
5/18/2019,7262.4,234.03,0.37157823,0.08646964
5/19/2019,8196.59,261.089,0.417573915,0.084813725
5/20/2019,7999.54,252.22,0.398332432,0.084335549
5/21/2019,7951.7,254.74,0.396810078,0.077361698
5/22/2019,7626.48,243.32,0.371459671,0.080374615
5/23/2019,7881.98,245.64,0.380069239,0.08080541
5/24/2019,8002.21,249.83,0.384063645,0.080270002
5/25/2019,8063.81,251.55,0.386571696,0.085976388
5/26/2019,8731.96,268.8,0.407794106,0.090692814
5/27/2019,8768.62,272.65,0.433327652,0.092679746
5/28/2019,8715.36,271.15,0.447973905,0.090875029
5/29/2019,8662.44,269.39,0.443266851,0.083941196
5/30/2019,8279.69,254.47,0.418241601,0.089042614
5/31/2019,8566.04,267.56,0.43811293,0.090367215
6/1/2019,8558.95,264.78,0.429188681,0.096366573
6/2/2019,8736.54,269.23,0.444469089,0.087329134
6/3/2019,8107.96,250.89,0.417236494,0.082368602
6/4/2019,7670.96,240.93,0.397450956,0.082681803
6/5/2019,7789.48,246.32,0.400659381,0.083025058
6/6/2019,7802.57,249.85,0.419986628,0.085264435
6/7/2019,7998.13,249.49,0.420476661,0.083784775
6/8/2019,7930.14,244.3,0.40887985,0.078875673
6/9/2019,7635.06,231.3,0.385375131,0.085258611
6/10/2019,8015.69,247.29,0.401022939,0.087633038
6/11/2019,7918.17,245.11,0.393071003,0.096335697
6/12/2019,8176.02,262.92,0.402066656,0.089612018
6/13/2019,8239.04,255.25,0.399282575,0.090456752
6/14/2019,8697.45,263.79,0.404008282,0.091544426
6/15/2019,8860.23,269.29,0.41097171,0.092018187
6/16/2019,8978.66,268.33,0.427904758,0.093418638
6/17/2019,9331.75,273.97,0.447954078,0.08889774
6/18/2019,9071.95,264.07,0.426955989,0.089664474
6/19/2019,9277.29,268.79,0.434788286,0.087408895
6/20/2019,9531.21,271.82,0.43013223,0.089742458
6/21/2019,10220,296.25,0.444066387,0.094197983
6/22/2019,10666.8,308.49,0.475313968,0.096454523
6/23/2019,10833,307.48,0.468090043,0.097700232
6/24/2019,11032.3,311,0.472960952,0.095647002
6/25/2019,11755.5,317.27,0.465226924,0.096817823
6/26/2019,12927.4,334.36,0.461938624,0.084929313
6/27/2019,11159.2,293.47,0.404126805,0.088027408
6/28/2019,12360.4,309.49,0.423940986,0.089585533
6/29/2019,11865.2,317,0.425840524,0.081694999
6/30/2019,10760.1,290.07,0.394345833,0.083225924
7/1/2019,10577.6,294.15,0.405329311,0.080510599
7/2/2019,10829.1,291.25,0.398228896,0.082331857
7/3/2019,11976,301.81,0.405278175,0.077336652
7/4/2019,11137.8,282.8,0.386649779,0.076386626
7/5/2019,11004.5,288,0.378748065,0.077344713
7/6/2019,11237.7,287.57,0.389907352,0.080005728
7/7/2019,11474.4,306.67,0.398376672,0.080232608
7/8/2019,12293.5,313.24,0.401752805,0.077761737
7/9/2019,12561,307.92,0.393304598,0.071521224
7/10/2019,12097.9,288.64,0.360946199,0.065150378
7/11/2019,11349,268.68,0.328873204,0.069593318
7/12/2019,11802,275.55,0.344283905,0.066608507
7/13/2019,11370.1,269.04,0.33184924,0.059226236
7/14/2019,10195.6,225.76,0.30468835,0.058765524
7/15/2019,10854.4,228.28,0.312515883,0.051717993
7/16/2019,9422.71,198.89,0.294850055,0.054989511
7/17/2019,9696.31,211.4,0.310267516,0.058355096
7/18/2019,10651.4,226.31,0.320426779,0.059695858
7/19/2019,10518.5,220.96,0.319314934,0.062668361
7/20/2019,10761,228.89,0.332991506,0.061069307
7/21/2019,10590.7,225.64,0.330508911,0.059277375
7/22/2019,10323.3,216.77,0.320341502,0.055563084
7/23/2019,9840.12,211.93,0.308678319,0.058828887
7/24/2019,9767.87,217,0.315422139,0.058417413
7/25/2019,9883.34,219.31,0.313239047,0.062758901
7/26/2019,9843,219.35,0.323660276,0.05983621
7/27/2019,9479.98,206.57,0.309202689,0.059142892
7/28/2019,9532.99,211.5,0.311183626,0.060186349
7/29/2019,9495,210.69,0.309954943,0.05975193
7/30/2019,9589.01,209.83,0.318593838,0.060004263
7/31/2019,10086.3,218.7,0.319575643,0.058636722
8/1/2019,10405.9,217.55,0.31624101,0.057304292
8/2/2019,10533,217.8,0.311307381,0.057647841
8/3/2019,10820.7,222.14,0.315830132,0.056120218
8/4/2019,10977.5,222.96,0.319170027,0.056342785
8/5/2019,11819.4,233,0.321386132,0.053324619
8/6/2019,11465.4,225.81,0.31104881,0.051758669
8/7/2019,11983.7,225.8,0.309931434,0.051806042
8/8/2019,11982.4,220.81,0.307420074,0.047523087
8/9/2019,11856.1,210.27,0.295736087,0.051713397
8/10/2019,11280.9,206.13,0.298291816,0.054615306
8/11/2019,11540.7,216.05,0.302218537,0.052956851
8/12/2019,11389.3,211.1,0.300271037,0.052440284
8/13/2019,10868.5,208.58,0.296810487,0.047092179
8/14/2019,9971.71,186.3,0.262432418,0.047308451
8/15/2019,10300,187.97,0.263930275,0.046694985
8/16/2019,10352.7,185.26,0.260781812,0.0472958
8/17/2019,10215.2,185.59,0.265349058,0.05060065
8/18/2019,10315.4,194.74,0.283603318,0.050013005
8/19/2019,10920,202.32,0.282147601,0.049168216
8/20/2019,10769,196.16,0.274504601,0.047109987
8/21/2019,10130,187.37,0.265447047,0.049263492
8/22/2019,10107.1,191.13,0.270660966,0.049733619
8/23/2019,10410.8,194.59,0.277015947,0.050037754
8/24/2019,10147.9,190.89,0.271206653,0.049480126
8/25/2019,10140.9,186.32,0.269494315,0.049433756
8/26/2019,10361.6,188.3,0.269372604,#N/A
8/27/2019,10171.8,186.94,0.269372604,#N/A
8/28/2019,9714.31,172.79,0.269372604,0.044378077
8/29/2019,9495,168.82,0.251374773,0.044676855
8/30/2019,9582.42,168.21,0.255293575,0.044795972
8/31/2019,9600.86,172.11,0.258156386,0.044512259
9/1/2019,9766.52,171.29,0.257130885,0.045254452
9/2/2019,10381.2,178.8,0.260982184,0.046624769
9/3/2019,10628.4,179.08,0.262519107,0.045384179
9/4/2019,10582.2,174.82,0.258435045,0.044344446
9/5/2019,10574.7,174,0.256414615,0.044213525
9/6/2019,10306.9,169.55,0.244576683,0.046000714
9/7/2019,10484.3,178.08,0.250954909,0.046568132
9/8/2019,10398.9,181.15,0.262816029,0.046658211
9/9/2019,10310,180.63,0.258283949,0.046334254
9/10/2019,10084.1,179.17,0.258083109,0.044705384
9/11/2019,10160.2,178.3,0.254350533,0.045397764
9/12/2019,10423.7,180.89,0.254077509,0.045696769
9/13/2019,10367.4,181.65,0.255615978,0.046475179
9/14/2019,10360.2,188.85,0.261698659,0.046639314
9/15/2019,10304.4,189.3,0.260410574,0.046974538
9/16/2019,10262.5,197.59,0.261007276,0.048780354
9/17/2019,10185.3,207.95,0.285013731,0.052871445
9/18/2019,10155.2,210.27,0.312946183,0.052340521
9/19/2019,10287.7,222.89,0.300924636,0.052260847
9/20/2019,10168.8,218.06,0.293433473,0.051601095
9/21/2019,9975.12,214.8,0.288906302,0.048856909
9/22/2019,10026.8,211.51,0.275953843,0.046013986
9/23/2019,9693.75,200.89,0.266822997,0.037363888
9/24/2019,8530.01,166.26,0.233639514,0.039080593
9/25/2019,8438.35,169.98,0.245683178,0.038080128
9/26/2019,8068.2,165.82,0.241920812,0.039177452
9/27/2019,8193.99,174.44,0.242678676,0.038496822
9/28/2019,8217.46,173.9,0.241441311,0.037294006
9/29/2019,8052.4,169.75,0.240288125,0.038834128
9/30/2019,8304.95,179.6,0.256565745,0.038357402
10/1/2019,8322.73,176.15,0.248482381,0.03921745
10/2/2019,8381.71,180.82,0.25266956,0.038233256
10/3/2019,8240.41,175.05,0.247086226,0.039279427
10/4/2019,8156.67,176.1,0.252897509,0.039659057
10/5/2019,8147.63,176.73,0.254113245,0.038741964
10/6/2019,7859.79,170.18,0.255397738,0.041492335
10/7/2019,8209,180.68,0.276788243,0.041218599
10/8/2019,8180,181.26,0.277897629,0.042275664
10/9/2019,8590.01,193.26,0.281814837,0.041669396
10/10/2019,8587.5,191.79,0.271035758,0.03998751
10/11/2019,8267.33,180.84,0.267349791,0.040337978
10/12/2019,8309.03,179.86,0.272680737,0.04134729
10/13/2019,8282.96,181.36,0.277830885,0.041707187
10/14/2019,8355,186.65,0.297884563,0.039503149
10/15/2019,8162.44,180.58,0.288311711,0.038421163
10/16/2019,7993.54,174.5,0.283476145,0.03931561
10/17/2019,8076.2,177.31,0.302023454,0.037972945
10/18/2019,7954.16,172.96,0.29428833,0.039059717
10/19/2019,7965.28,172.09,0.291883484,0.039524757
10/20/2019,8236.04,175.49,0.294256335,0.039193885
10/21/2019,8209.92,174.37,0.292219677,0.038553328
10/22/2019,8024.72,171.3,0.290431322,0.036213004
10/23/2019,7474.85,161.57,0.272605105,0.037329775
10/24/2019,7430.87,160.67,0.27675959,0.041172277
10/25/2019,8668,181.66,0.298384136,0.040456145
10/26/2019,9259.78,180.03,0.29414487,0.042214235
10/27/2019,9548.84,184.41,0.298727795,0.042133362
10/28/2019,9219.94,182.28,0.294684555,0.043451143
10/29/2019,9430.79,191.1,0.302252416,0.041626942
10/30/2019,9164.45,183.38,0.294881958,0.041290395
10/31/2019,9159.48,182.72,0.294619974,0.042194254
11/1/2019,9253.12,183.19,0.291971646,0.042374742
11/2/2019,9308.51,183.27,0.295049272,0.041699179
11/3/2019,9206.52,181.69,0.290595181,0.043160972
11/4/2019,9412.53,186.25,0.299403327,0.04415353
11/5/2019,9309,188.88,0.300872236,0.044756875
11/6/2019,9341.27,191.13,0.310165986,0.043261531
11/7/2019,9205.76,186.71,0.289944302,0.04200431
11/8/2019,8763.01,183.18,0.275053692,0.042349747
11/9/2019,8810.76,184.88,0.279772739,0.043838089
11/10/2019,9038.2,188.88,0.278968011,0.043015211
11/11/2019,8721.54,184.65,0.273648291,0.043626266
11/12/2019,8795.77,186.98,0.271919429,0.043287864
11/13/2019,8758.34,187.72,0.271819356,0.042689262
11/14/2019,8635.01,184.55,0.267704265,0.043856361
11/15/2019,8457.48,179.82,0.260200299,0.043834223
11/16/2019,8480.79,182.25,0.262062207,0.044961782
11/17/2019,8500.01,183.88,0.263103064,0.043054873
11/18/2019,8168.84,177.85,0.251478109,0.042039884
11/19/2019,8123.36,175.52,0.253515701,0.040852901
11/20/2019,8082.96,174.32,0.249876968,0.038252498
11/21/2019,7616.46,160.84,0.243132479,0.03702913
11/22/2019,7298.18,150.31,0.230522556,0.037972692
11/23/2019,7330.98,152,0.234546275,0.035011967
11/24/2019,6908.64,140.28,0.220132551,0.035884319
11/25/2019,7127.01,145.91,0.218188646,0.036715489
11/26/2019,7172.15,148.04,0.220916812,0.039058494
11/27/2019,7523.72,153,0.224501626,0.039129913
11/28/2019,7432.12,151.01,0.223635637,0.041416892
11/29/2019,7760,154.75,0.23072683,0.040429532
11/30/2019,7551.99,151.97,0.22620997,0.03957232
12/1/2019,7404.27,151.47,0.225232145,0.037992227
12/2/2019,7305,149.13,0.219564328,0.037782816
12/3/2019,7298.2,147.51,0.21973094,0.037105367
12/4/2019,7213.61,145.65,0.214460232,0.037615338
12/5/2019,7394.99,147.86,0.221375147,0.038280064
12/6/2019,7540.87,148.74,0.226219611,0.038524155
12/7/2019,7500.03,147.43,0.227692648,0.038767982
12/8/2019,7529.21,150.67,0.229824745,0.037191617
12/9/2019,7341.49,147.35,0.224340424,0.036299247
12/10/2019,7226.98,145.64,0.222276871,0.036610562
12/11/2019,7194.13,143.18,0.220975784,0.03646141
12/12/2019,7189.41,144.69,0.218293348,0.03709465
12/13/2019,7248.23,144.66,0.220353836,0.036234196
12/14/2019,7071.01,141.81,0.216081263,0.036462607
12/15/2019,7112.63,142.29,0.217300317,0.034059482
12/16/2019,6884.75,132.7,0.205625763,0.031604522
12/17/2019,6615.8,121.55,0.183067704,0.034390682
12/18/2019,7294.81,133.01,0.196132648,0.033056822
12/19/2019,7150.01,128.19,0.187904194,0.033931316
12/20/2019,7182.77,128.36,0.195432852,0.033104195
12/21/2019,7143.01,127.05,0.19176394,0.034424582
12/22/2019,7515.3,132.33,0.196975084,0.033033981
12/23/2019,7323.21,128.02,0.189548118,0.033842682
12/24/2019,7232.76,127.54,0.190589264,0.03334045
12/25/2019,7195.81,124.95,0.188343285,0.034062129
12/26/2019,7195.96,125.44,0.189063547,0.032889413
12/27/2019,7240.4,126.26,0.189768936,0.033613489
12/28/2019,7300.42,127.97,0.192891853,0.03404713
12/29/2019,7389,134.28,0.196177374,0.03328366
12/30/2019,7220,131.009,0.192436524,0.03271588
12/31/2019,7177.36,128.539,0.192040778,0.033326089
1/1/2020,7177.57,130.27,0.192246554,0.032622156
1/2/2020,6946.33,126.81,0.186855591,0.034093266
1/3/2020,7308.09,133.57,0.192999572,0.034357017
1/4/2020,7347.49,134.13,0.19289505,0.03448739
1/5/2020,7342.49,134.99,0.194129443,0.037173657
1/6/2020,7770.88,144.19,0.222832405,0.036960211
1/7/2020,8168.44,143.35,0.213528849,0.036195471
1/8/2020,8045.51,140.6,0.207311571,0.036038004
1/9/2020,7813.78,137.71,0.203449419,0.036851477
1/10/2020,8170.27,144.72,0.212485613,0.036712035
1/11/2020,8021.84,142.63,0.21114433,0.037741108
1/12/2020,8165.21,146.6,0.214839663,0.036775461
1/13/2020,8104.5,143.51,0.211152912,0.041561079
1/14/2020,8822.71,165.76,0.23451379,0.042549953
1/15/2020,8808.81,166.29,0.233187836,0.041466208
1/16/2020,8714.76,163.93,0.228687399,0.044750396
1/17/2020,8899.42,169.59,0.238336768,0.044811704
1/18/2020,8909.32,174.43,0.242895654,0.041912397
1/19/2020,8697.53,166.75,0.235152893,0.043678466
1/20/2020,8619.52,166.68,0.232566254,0.045960316
1/21/2020,8722.03,169.19,0.23672137,0.04553685
1/22/2020,8653.84,167.7,0.236178574,0.043053177
1/23/2020,8385.21,162.4,0.225023266,0.044855509
1/24/2020,8427.26,162.3,0.221858161,0.043088469
1/25/2020,8326.81,160.12,0.21920258,0.044574284
1/26/2020,8595,167.35,0.230488161,0.047688976
1/27/2020,8895.95,169.77,0.230232767,0.052930671
1/28/2020,9394.5,175.77,0.239441121,0.053244618
1/29/2020,9290.62,173.4,0.234952443,0.056053478
1/30/2020,9503.08,184.55,0.243047272,0.053779454
1/31/2020,9334.98,179.74,0.238883871,0.05599033
2/1/2020,9382.65,183.68,0.240916998,0.055708784
2/2/2020,9323.5,188.39,0.250740862,0.056914935
2/3/2020,9290.23,189.68,0.254022491,0.05575922
2/4/2020,9164.33,188.24,0.266202351,0.059269218
2/5/2020,9613.82,204,0.277605214,0.059806229
2/6/2020,9763.01,212.95,0.282796634,0.05969253
2/7/2020,9808.04,223.22,0.278790578,0.060053538
2/8/2020,9905.64,223.37,0.277350571,0.061810694
2/9/2020,10168.8,228.8,0.28223092,0.060181367
2/10/2020,9851.78,222.85,0.273190693,0.063601422
2/11/2020,10270,237.98,0.281931752,0.068277396
2/12/2020,10351.1,266.41,0.304641327,0.068652825
2/13/2020,10236.4,268.42,0.327052723,0.070828719
2/14/2020,10371.3,286.27,0.336071346,0.064137624
2/15/2020,9911.21,264.92,0.306832571,0.062294021
2/16/2020,9921,258.5,0.29286628,0.060128453
2/17/2020,9700,268.03,0.286924673,0.06273546
2/18/2020,10188,282.81,0.298097674,0.057363579
2/19/2020,9600.08,259.48,0.274795931,0.058136791
2/20/2020,9622.89,257.97,0.271272995,0.058534727
2/21/2020,9700.35,265.8,0.274202247,0.058195707
2/22/2020,9668.23,262.079,0.27497955,0.0616538
2/23/2020,9966,275.21,0.283807006,0.058956494
2/24/2020,9660,266.16,0.270397677,0.056221568
2/25/2020,9304.99,247.93,0.252112188,0.049129599
2/26/2020,8778.29,224.73,0.228931626,0.049654165
2/27/2020,8812.49,227.63,0.237433188,0.048929602
2/28/2020,8708.89,227.37,0.236937417,0.047007975
2/29/2020,8556.58,218.55,0.228718115,0.045678065
3/1/2020,8522.33,218.18,0.227101092,0.049215667
3/2/2020,8915,232.08,0.23963757,0.048649374
3/3/2020,8757.84,223.57,0.234244545,0.049013986
3/4/2020,8760.66,223.98,0.234890104,0.05098242
3/5/2020,9060.93,228.49,0.239272653,0.051816918
3/6/2020,9145.77,244.73,0.245340048,0.048805374
3/7/2020,8901.37,237.75,0.236566291,0.042844362
3/8/2020,8033.54,198.99,0.204189096,0.041501867
3/9/2020,7934.52,201.39,0.209596731,0.041370932
3/10/2020,7884.87,200.15,0.211686531,0.03971446
3/11/2020,7938.05,194.61,0.2082388,0.023359099
3/12/2020,4857.1,106.09,0.136683736,0.028469382
3/13/2020,5637.6,133.33,0.159257082,0.025738924
3/14/2020,5165.25,122.17,0.14579521,0.026866278
3/15/2020,5342.64,123.3,0.15274036,0.02420084
3/16/2020,5024,110.82,0.141143891,0.025794963
3/17/2020,5331.72,116.09,0.147373084,0.026097266
3/18/2020,5413.64,118.6,0.14766469,0.030349191
3/19/2020,6186.95,136.68,0.165031838,0.029330593
3/20/2020,6201.61,133.27,0.156555915,0.029478717
3/21/2020,6198.78,132.11,0.158111993,0.026981521
3/22/2020,5834.78,122.42,0.147609923,0.029299864
3/23/2020,6499.12,136.35,0.159096315,0.030242728
3/24/2020,6766.65,139,0.16266799,0.029433532
3/25/2020,6690,136.26,0.161764014,0.030879115
3/26/2020,6759.85,139,0.176504212,0.028782117
3/27/2020,6372.36,131.57,0.172820057,0.029792781
3/28/2020,6251.82,131.35,0.175667992,0.028068979
3/29/2020,5902.05,125.01,0.162805963,0.029651761
3/30/2020,6406.4,132.32,0.171186084,0.030441365
3/31/2020,6445.67,133.08,0.173721294,0.03102642
4/1/2020,6664.85,136.16,0.175598742,0.031900364
4/2/2020,6805.12,141.53,0.17835482,0.0322684
4/3/2020,6741.99,141.42,0.179498032,0.032491142
4/4/2020,6874.77,144.48,0.181408877,0.031855162
4/5/2020,6794.49,142.79,0.179297117,0.035975741
4/6/2020,7341.56,170.74,0.198233676,0.03513622
4/7/2020,7209.62,164.97,0.192810005,0.036392185
4/8/2020,7370.11,173.36,0.20191769,0.036029342
4/9/2020,7293.24,170.22,0.198365594,0.033221133
4/10/2020,6871.91,158.1,0.187829291,0.033468891
4/11/2020,6889.65,158.55,0.18859651,0.033413368
4/12/2020,6908.13,160.09,0.189300986,0.033181647
4/13/2020,6861.21,156.62,0.188070477,0.033110285
4/14/2020,6877.37,157.97,0.18611046,0.031788096
4/15/2020,6624.12,153.21,0.180481403,0.034368842
4/16/2020,7112.78,172.31,0.190721466,0.034317349
4/17/2020,7036.25,170.89,0.188559027,0.036559567
4/18/2020,7254.33,187.46,0.195415097,0.035485862
4/19/2020,7130.71,180.57,0.189112985,0.033911025
4/20/2020,6838.19,170.5,0.181697969,0.03453279
4/21/2020,6853.68,171.07,0.183523963,0.03661026
4/22/2020,7136.84,183.11,0.188115257,0.040867075
4/23/2020,7472.45,185.2,0.19270507,0.041637588
4/24/2020,7508.67,187.71,0.193207419,0.042207905
4/25/2020,7543.29,194.51,0.194304248,0.045972641
4/26/2020,7692.05,197.53,0.196421556,0.046565853
4/27/2020,7785.73,196.78,0.1975934,0.046889069
4/28/2020,7758.4,197.63,0.214798958,0.051443387
4/29/2020,8780.01,215.52,0.226368461,0.047534243
4/30/2020,8624.28,206.23,0.211448403,0.050867252
5/1/2020,8829.42,212.09,0.217767975,0.050907307
5/2/2020,8985,214.25,0.223821561,0.048951599
5/3/2020,8905.49,210.24,0.2193427,0.049446751
5/4/2020,8883.53,206.86,0.218002704,0.049346026
5/5/2020,8989.4,205.43,0.216831926,0.048869559
5/6/2020,9157.11,199.26,0.211652149,0.051160732
5/7/2020,10000,212.42,0.218544106,0.05193909
5/8/2020,9810,211.59,0.218583542,0.051406629
5/9/2020,9558.85,210.54,0.216117665,0.047550123
5/10/2020,8741.86,187.97,0.197059521,0.047747154
5/11/2020,8601.4,186.06,0.19252304,0.050444691
5/12/2020,8796.25,189.43,0.197157609,0.051512681
5/13/2020,9318.04,200.01,0.201839523,0.050981732
5/14/2020,9799.12,203.45,0.203682152,0.050177262
5/15/2020,9312.1,194.45,0.197897631,0.050949804
5/16/2020,9383.16,200.53,0.199483026,0.051195151
5/17/2020,9666.27,207.05,0.201057494,0.054128609
5/18/2020,9728.52,214.83,0.205011985,0.056634482
5/19/2020,9776.57,214.71,0.204785518,0.0567386
5/20/2020,9516,209.96,0.201608368,0.05196122
5/21/2020,9058.71,198.72,0.19400546,0.055672108
5/22/2020,9168.84,207.09,0.200247246,0.054845571
5/23/2020,9177.95,206.8,0.198760128,0.051335129
5/24/2020,8714.4,201.57,0.192471858,0.053789595
5/25/2020,8899.31,204.24,0.195938276,0.053466362
5/26/2020,8844.42,200.91,0.193711654,0.05509788
5/27/2020,9208.53,207.94,0.197941848,0.064718001
5/28/2020,9561.26,219.45,0.200278433,0.06463866
5/29/2020,9427.01,220.5,0.197355712,0.076884964
5/30/2020,9689.12,243.28,0.206959929,0.073875649
5/31/2020,9446.57,231.54,0.202156653,0.080946685
6/1/2020,10210.1,247.98,0.211008581,0.078656768
6/2/2020,9522.45,237.71,0.202933891,0.085313165
6/3/2020,9655.62,244.6,0.204063525,0.088740564
6/4/2020,9788.03,243.18,0.204300107,0.084947509
6/5/2020,9624.99,240.04,0.202506475,0.086055607
6/6/2020,9660.75,241.98,0.203513147,0.086456939
6/7/2020,9744.14,244.38,0.203257172,0.086376647
6/8/2020,9783.37,246.89,0.2040136,0.082889076
6/9/2020,9763.79,244.03,0.201313214,0.083562091
6/10/2020,9896.56,248.04,0.202737243,0.074892534
6/11/2020,9268.16,230.15,0.187991384,0.079358177
6/12/2020,9454,237.53,0.192831097,0.07897485
6/13/2020,9475,238.17,0.192287416,0.076283291
6/14/2020,9333.45,231.34,0.189970965,0.07820909
6/15/2020,9427.86,230.98,0.192341387,0.079101394
6/16/2020,9526.25,235.29,0.192242205,0.083283132
6/17/2020,9457.51,233.71,0.193019015,0.081734684
6/18/2020,9382.01,231.05,0.189519777,0.079806827
6/19/2020,9279.4,228.66,0.18696005,0.079500101
6/20/2020,9355.74,228.8,0.187833611,0.078269588
6/21/2020,9286.14,227.81,0.185786944,0.083514048
6/22/2020,9697.17,243.21,0.18935536,0.082660359
6/23/2020,9623.56,243.05,0.188781248,0.082426615
6/24/2020,9274.04,234.44,0.183312775,0.081513659
6/25/2020,9244.77,232.29,0.181406489,0.080456487
6/26/2020,9155,229.41,0.182311268,0.077252214
6/27/2020,9002.51,220.57,0.174837274,0.080090237
6/28/2020,9124.04,224.76,0.176725706,0.083768073
6/29/2020,9184.45,227.81,0.177089694,0.083004775
6/30/2020,9136.2,225.7,0.175118605,0.096703831
7/1/2020,9239.96,231.03,0.176431382,0.093096899
7/2/2020,9091.53,226.48,0.174774881,0.096489116
7/3/2020,9063.87,225.08,0.176084027,0.099953657
7/4/2020,9134.23,229.34,0.177903444,0.098247429
7/5/2020,9073.49,227.67,0.17702706,0.10503115
7/6/2020,9343.18,241.7,0.188665336,0.117625769
7/7/2020,9253.94,238.98,0.184963467,0.130124298
7/8/2020,9435.28,247.01,0.20512014,0.123962877
7/9/2020,9237.32,242,0.202582946,0.118456678
7/10/2020,9289.81,241.2,0.198898365,0.125236431
7/11/2020,9235.21,239.17,0.201098676,0.12701299
7/12/2020,9292.6,242.81,0.201105451,0.124182403
7/13/2020,9242.31,239.44,0.198460937,0.13149073
7/14/2020,9256.94,240.43,0.199198021,0.13046865
7/15/2020,9190.16,238.33,0.196953063,0.125909943
7/16/2020,9130.11,233.41,0.19417547,0.122183898
7/17/2020,9152.64,232.7,0.194289426,0.122756769
7/18/2020,9175.85,235.8,0.199755071,0.123937443
7/19/2020,9214.74,239.19,0.199594034,0.117852362
7/20/2020,9163.75,236.1,0.194608994,0.123226712
7/21/2020,9392.79,245.88,0.199453101,0.124082488
7/22/2020,9535.99,264.28,0.203786431,0.124252008
7/23/2020,9613.24,275.3,0.208480718,0.12205775
7/24/2020,9543.79,279.58,0.204133205,0.143420563
7/25/2020,9696.19,305.01,0.214669575,0.148336734
7/26/2020,9941,310.85,0.215362151,0.138772125
7/27/2020,11020,321.91,0.224384326,0.149265382
7/28/2020,10923.9,317.24,0.230703735,0.139795834
7/29/2020,11098.8,317.82,0.24315942,0.14069653
7/30/2020,11119.6,334.65,0.244407432,0.139156394
7/31/2020,11342.5,346.36,0.259584563,0.144590262
8/1/2020,11810,387.4,0.290845875,0.133536314
8/2/2020,11068.5,372.21,0.287546058,0.137221191
8/3/2020,11252.4,386.22,0.309937977,0.143153927
8/4/2020,11197,389.82,0.301139269,0.142282082
8/5/2020,11756.7,400.99,0.302506582,0.144312583
8/6/2020,11773.8,395.28,0.30312705,0.138873919
8/7/2020,11606.5,379.75,0.294503683,0.146736858
8/8/2020,11774.9,393.33,0.295168871,0.145097239
8/9/2020,11688.4,390.41,0.287810663,0.143825718
8/10/2020,11876.2,395.69,0.294560874,0.136824149
8/11/2020,11388.9,378.88,0.282655281,0.136686569
8/12/2020,11571.6,387.45,0.282190134,0.139412811
8/13/2020,11788.4,426.11,0.294492765,0.138327766
8/14/2020,11767.5,437.54,0.300298888,0.138368093
8/15/2020,11859.2,433.27,0.299022629,0.138706851
8/16/2020,11907.7,433.7,0.304156393,0.140445143
8/17/2020,12305.5,431.33,0.314984522,0.136811303
8/18/2020,11950,422.41,0.30242184,0.129589805
8/19/2020,11747.7,408.22,0.289581428,0.133939357
8/20/2020,11864.2,415.92,0.292165529,0.12271466
8/21/2020,11507.2,388.05,0.278738738,0.125262166
8/22/2020,11684.5,395.95,0.286171741,0.121389703
8/23/2020,11650,390.67,0.284737969,0.123546244
8/24/2020,11753.8,407.98,0.288552854,0.112505808
8/25/2020,11324.9,383.33,0.276619264,0.114292391
8/26/2020,11463.2,386.1,0.276445437,0.107015783
8/27/2020,11329.1,382.03,0.264441901,0.109311859
8/28/2020,11535,395.25,0.27171113,0.116114832
8/29/2020,11474.3,398.58,0.273845992,0.117337135
8/30/2020,11716,428.94,0.282829701,0.122466971
8/31/2020,11655,433.89,0.281128493,0.124596161
9/1/2020,11929.8,475.57,0.295128809,0.114903641
9/2/2020,11405.6,440.67,0.276083325,0.09485918
9/3/2020,10264.1,382.87,0.244494908,0.101847296
9/4/2020,10483.5,388.76,0.254440259,0.089863726
9/5/2020,10168.3,335.25,0.236844142,0.092591078
9/6/2020,10257.8,352.77,0.239785046,0.09356166
9/7/2020,10375,351.57,0.241986267,0.091014344
9/8/2020,10125.6,337.48,0.236268742,0.093316088
9/9/2020,10216.4,350.68,0.239006162,0.09705214
9/10/2020,10344.2,368.06,0.243178725,0.096984564
9/11/2020,10383.9,373.61,0.242580964,0.09761787
9/12/2020,10445.2,387.81,0.247507524,0.094961963
9/13/2020,10323.3,366.58,0.241987177,0.09660459
9/14/2020,10671.4,376.32,0.245585162,0.09307481
9/15/2020,10783.7,364.2,0.243122751,0.091330339
9/16/2020,10959.6,365.23,0.246756179,0.094014887
9/17/2020,10943.6,389.45,0.252099989,0.091006694
9/18/2020,10937.5,384.64,0.250238331,0.091322684
9/19/2020,11080,385.03,0.251059801,0.089212179
9/20/2020,10920.8,370.69,0.246275412,0.079795521
9/21/2020,10414.4,340.11,0.230718347,0.081414602
9/22/2020,10532.8,344.26,0.233037449,0.076552414
9/23/2020,10235.1,320.63,0.221121854,0.082589164
9/24/2020,10740,349.14,0.232837209,0.096867617
9/25/2020,10690.5,352.11,0.241452694,0.095558618
9/26/2020,10735.6,354.99,0.241429322,0.101204763
9/27/2020,10770,357.25,0.243171657,0.100326416
9/28/2020,10695.5,353.91,0.240975923,0.101099505
9/29/2020,10840.4,359.9,0.242725547,0.101297593
9/30/2020,10779.6,359.38,0.241715007,0.09791085
10/1/2020,10612.4,352.75,0.23809149,0.09274701
10/2/2020,10573.1,345.7,0.233860776,0.093306561
10/3/2020,10551.6,346.18,0.232807413,0.096748592
10/4/2020,10671.1,352.48,0.247806191,0.097455234
10/5/2020,10795,353.81,0.250195184,0.09286738
10/6/2020,10606.1,340.78,0.245370081,0.093696736
10/7/2020,10670.4,341.68,0.248552469,0.096158181
10/8/2020,10906.3,350.73,0.251325002,0.101311682
10/9/2020,11067,365.36,0.252986142,0.105127483
10/10/2020,11302.9,370.89,0.254116476,0.10645928
10/11/2020,11381.7,374.38,0.255381697,0.10947744
10/12/2020,11535.4,386.74,0.255931926,0.109353246
10/13/2020,11429.9,380.99,0.256559539,0.107082609
10/14/2020,11427.7,379.62,0.249181345,0.10662777
10/15/2020,11500.1,377.37,0.24587556,0.104160991
10/16/2020,11328.9,365.57,0.240112774,0.10593774
10/17/2020,11367.8,368.64,0.24064771,0.107376901
10/18/2020,11514.2,378.58,0.242268629,0.108538652
10/19/2020,11760.4,379.36,0.245625873,0.10228124
10/20/2020,11923.8,368.81,0.243333735,0.105947218
10/21/2020,12844.4,392.28,0.251006511,0.110654591
10/22/2020,12986.8,414.7,0.257263484,0.10803272
10/23/2020,12937,409.52,0.254780724,0.108030519
10/24/2020,13128.3,412.62,0.256267293,0.106394094
10/25/2020,13041.6,406.37,0.253277668,0.103109703
10/26/2020,13085.1,393.86,0.248305,0.102604274
10/27/2020,13793.7,405.91,0.252546522,0.098796764
10/28/2020,13285.8,388.63,0.245457963,0.095266781
10/29/2020,13456.5,387.6,0.242217136,0.09321271
10/30/2020,13571.2,383.37,0.239110274,0.092852125
10/31/2020,13803.2,386.99,0.239547168,0.098106798
11/1/2020,13748,395.89,0.239899199,0.09223843
11/2/2020,13562.7,383.33,0.235161191,0.093524739
11/3/2020,14035.8,388.32,0.239490636,0.095449931
11/4/2020,14161.4,403.18,0.237697373,0.0974255
11/5/2020,15608.2,417.12,0.245371967,0.109197228
11/6/2020,15599.9,456.66,0.258523308,0.10129005
11/7/2020,14834,435.85,0.249183312,0.106516912
11/8/2020,15502.9,454.98,0.253649301,0.105290032
11/9/2020,15317.6,444.44,0.25035119,0.105852165
11/10/2020,15315,450.57,0.253882911,0.105974303
11/11/2020,15701.3,463.88,0.255889938,#N/A
11/12/2020,16276.6,462.36,0.255889938,0.106271402
11/13/2020,16333.8,477.48,0.265409111,0.104014922
11/14/2020,16082,461.16,0.268197386,0.100206951
11/15/2020,15979.5,449.04,0.268796223,0.103748913
11/16/2020,16743,461.74,0.287803395,0.10939327
11/17/2020,17686.6,482.56,0.302466207,0.106537361
11/18/2020,17845.5,480,0.293466855,0.105813734
11/19/2020,17842,471.97,0.303225823,0.118160405
11/20/2020,18656,510.43,0.329762558,0.133652446
11/21/2020,18718.8,551.21,0.462398572,0.145879056
11/22/2020,18426.2,557.05,0.445782512,0.153858648
11/23/2020,18398.9,609.58,0.615508093,0.166939816
11/24/2020,19129.3,602.9,0.692573347,0.154680616
11/25/2020,18769.4,571.02,0.632934133,0.138354011
11/26/2020,17076,520.23,0.536284863,0.14140599
11/27/2020,17153.9,519.07,0.560139122,0.164929734
11/28/2020,17723.5,537.74,0.626147755,0.166416925
11/29/2020,18190,575.38,0.605332697,0.171997525
11/30/2020,19684,613.33,0.665271216,0.15553922
12/1/2020,18870.8,589.88,0.611430687,0.158629672
12/2/2020,19204.6,598.45,0.630576504,0.164095427
12/3/2020,19465.1,617.33,0.630986681,0.147778013
12/4/2020,18739.5,571.7,0.553533147,0.159918128
12/5/2020,19135.9,595.85,0.585306479,0.158843234
12/6/2020,19348.4,601.58,0.621070067,0.153986653
12/7/2020,19202.1,591.92,0.608007573,0.141057305
12/8/2020,18319.7,553.95,0.559135842,0.148011444
12/9/2020,18559.9,573.54,0.582827519,0.141751163
12/10/2020,18279,559.99,0.5718039,0.13908488
12/11/2020,18056.7,544.24,0.545777937,0.144278529
12/12/2020,18811.5,568.56,0.506178741,0.153865932
12/13/2020,19168.5,590.4,0.51294394,0.158052868
12/14/2020,19272.3,586.51,0.497461765,0.153929398
12/15/2020,19452.5,589.4,0.468435144,0.16746442
12/16/2020,21359.6,637.92,0.566692593,0.163453858
12/17/2020,22826.4,643.54,0.577807906,0.164969234
12/18/2020,23140.3,654.66,0.583500577,0.164247331
12/19/2020,23874.5,659.02,0.576665728,0.162055383
12/20/2020,23530,638.4,0.556185153,0.152586474
12/21/2020,22729.4,611.02,0.513852382,0.156514745
12/22/2020,23825.9,635.75,0.448342085,0.136337816
12/23/2020,23224.3,584.15,0.261500021,0.152751648
12/24/2020,23719.4,612.24,0.337168428,0.157508751
12/25/2020,24703.3,626.75,0.318846526,0.158086629
12/26/2020,26475.3,636.04,0.294511397,0.154260903
12/27/2020,26258.6,684.12,0.282413694,0.176571006
12/28/2020,27038,729.74,0.24675602,0.191302239
12/29/2020,27394.4,731.76,0.220988012,0.184197405
12/30/2020,28897.4,753.43,0.211460239,0.181157867
12/31/2020,28990,738.42,0.219334449,0.175192174
1/1/2021,29388.3,730.99,0.237420669,0.177298681
1/2/2021,32149.9,775.3,0.220907269,0.205528222
1/3/2021,33086.2,980.44,0.224962501,0.225437907
1/4/2021,32023.9,1042.41,0.235813175,0.25876814
1/5/2021,34085.6,1102.88,0.225822886,0.333113507
1/6/2021,36825,1204.13,0.248813592,0.298394865
1/7/2021,39505.5,1228.18,0.32321835,0.30461164
1/8/2021,40675.8,1217.5,0.321152926,0.331447884
1/9/2021,40257.4,1281.58,0.325373284,0.302753993
1/10/2021,38171.5,1263.25,0.314408665,0.275647383
1/11/2021,35481.7,1093.75,0.287355922,0.287935256
1/12/2021,34039,1050.09,0.29215758,0.312767344
1/13/2021,37369,1130.46,0.305365009,0.310088513
1/14/2021,39133.1,1218.55,0.295406292,0.302294663
1/15/2021,36760,1168.09,0.279650179,0.351323444
1/16/2021,36200.6,1234.57,0.278810977,0.380104948
1/17/2021,35824.3,1233.9,0.277179263,0.370910489
1/18/2021,36700,1258.48,0.285352387,0.3682884
1/19/2021,35922.7,1368.04,0.293752987,0.37497054
1/20/2021,35497.3,1387.96,0.295375392,0.308250097
1/21/2021,30854.7,1116.41,0.267980554,0.349615371
1/22/2021,32983.5,1233.59,0.272634628,0.345587656
1/23/2021,32114.2,1234.55,0.271489606,0.353546655
1/24/2021,32288.5,1393.47,0.2732494,0.342556951
1/25/2021,32277.4,1318.45,0.267124762,0.343342525
1/26/2021,32597.3,1353.84,0.267795467,0.312504569
1/27/2021,30417.7,1241.03,0.25115939,0.344736401
1/28/2021,33488.8,1332.14,0.26453174,0.347096266
1/29/2021,34190.5,1379.87,0.282309074,0.362648687
1/30/2021,34361.5,1379.42,0.438744898,0.34534151
1/31/2021,33224.6,1317.58,0.494414315,0.407488037
2/1/2021,33533.1,1374.85,0.371736411,0.425901525
2/2/2021,35512.6,1513.8,0.372051499,0.44225198
2/3/2021,37552.5,1666,0.397507017,0.440664355
2/4/2021,37000.2,1598.27,0.446654255,0.540016148
2/5/2021,38311.4,1720.01,0.451633863,0.630558848
2/6/2021,39267.8,1679.77,0.443035993,0.659935197
2/7/2021,38871.4,1615.87,0.418659378,0.679701799
2/8/2021,46375.9,1752.98,0.45177256,0.706195279
2/9/2021,46517.4,1771.44,0.47669112,0.938992809
2/10/2021,44850,1743.76,0.504445786,0.928365401
2/11/2021,47997.9,1787.77,0.527622123,0.923769123
2/12/2021,47431.2,1845,0.610063935,0.909482263
2/13/2021,47239.8,1818.01,0.633444184,0.845810039
2/14/2021,48680.6,1803.75,0.593200873,0.858951351
2/15/2021,47936.3,1779.61,0.549550586,0.87086195
2/16/2021,49158.7,1783.39,0.519459789,0.890349402
2/17/2021,52173.5,1852,0.533771867,0.911691931
2/18/2021,51601.7,1938.92,0.531059131,0.928253262
2/19/2021,55971.5,1960.57,0.564029581,1.120190356
2/20/2021,56104.9,1915.46,0.513164203,1.09947414
2/21/2021,57489.1,1935.57,0.543935248,1.096204385
2/22/2021,54141.9,1778.7,0.56744443,0.960485915
2/23/2021,48899.9,1577.83,0.473739973,1.04820435
2/24/2021,49737.8,1625.2,0.469607079,1.076410878
2/25/2021,47135.4,1473,0.433434153,1.239496886
2/26/2021,46320.7,1445.18,0.42747981,1.322442171
2/27/2021,46189.9,1462.63,0.436198203,1.31238015
2/28/2021,45260.1,1422.02,0.415913263,1.295374803
3/1/2021,49593.8,1569.09,0.445071136,1.226666347
3/2/2021,48513,1489.57,0.436011264,1.213367116
3/3/2021,50368.2,1576.31,0.448412801,1.110529068
3/4/2021,48533,1539.56,0.481301799,1.162246751
3/5/2021,48879.2,1529.09,0.454062833,1.129550572
3/6/2021,48909.8,1650.54,0.462535488,1.12735047
3/7/2021,50941.2,1728.94,0.46372053,1.120641921
3/8/2021,52304.2,1834.58,0.474206273,1.19744979
3/9/2021,54916.3,1871.99,0.485359141,1.13155209
3/10/2021,55972.8,1798.15,0.461128999,1.125144688
3/11/2021,57797,1826.02,0.451780154,1.031787229
3/12/2021,57271.2,1768.86,0.438662661,1.10076256
3/13/2021,61283.8,1924.4,0.458197235,1.054645806
3/14/2021,59423,1860.49,0.438476769,1.029026965
3/15/2021,55743.9,1786.9,0.434410087,1.250011486
3/16/2021,56919.2,1805.84,0.46126431,1.375979982
3/17/2021,58927.5,1824.74,0.469831021,1.22760479
3/18/2021,57644.9,1776.4,0.468674663,1.296721281
3/19/2021,58050.6,1807.31,0.466354991,1.199624182
3/20/2021,58126.1,1806.72,0.523724763,1.186611132
3/21/2021,57465.1,1785.88,0.517020144,1.103530442
3/22/2021,54100,1681.67,0.543157424,1.11568122
3/23/2021,54582.7,1668.09,0.5498427,1.066442928
3/24/2021,52267,1581.76,0.480912012,1.096427629
3/25/2021,51325,1587.08,0.510913198,1.215649219
3/26/2021,55072.4,1700.1,0.563956439,1.17524396
3/27/2021,55880.1,1713.88,0.548093333,1.189884436
3/28/2021,55778.8,1686.92,0.546251437,1.199474136
3/29/2021,57613.1,1815.73,0.564766809,1.213361822
3/30/2021,58786.4,1841.16,0.563061024,1.192008613
3/31/2021,58800,1913.84,0.569605379,1.182537997
4/1/2021,58726.4,1968.38,0.570305345,1.189779085
4/2/2021,58978.5,2132.83,0.605212366,1.162785539
4/3/2021,57094.3,2009.25,0.579109888,1.182250999
4/4/2021,58200.2,2076.36,0.634935214,1.21435495
4/5/2021,59123,2100.25,0.911652344,1.254145563
4/6/2021,58014.5,2115.25,1.095093386,1.172853532
4/7/2021,55955.7,1972.4,0.915872467,1.219042552
4/8/2021,58019.8,2081.29,1.04967141,1.201988446
4/9/2021,58092.6,2066.03,1.017768757,1.218106902
4/10/2021,59778.6,2132.92,1.365759846,1.263312009
4/11/2021,59989.2,2150.54,1.34846833,1.317303805
4/12/2021,59886.1,2141.08,1.458862488,1.414776964
4/13/2021,63588.2,2300.02,1.789725264,1.455699131
4/14/2021,62624.5,2432.54,1.838300451,1.480688302
4/15/2021,63237,2516.11,1.759301901,1.409779257
4/16/2021,61427.2,2426.64,1.545728178,1.370243447
4/17/2021,60141.1,2324.73,1.542237015,1.276884659
4/18/2021,56274.4,2243.34,1.407936605,1.195454167
4/19/2021,55670.9,2163.82,1.310945686,1.264629741
4/20/2021,56423,2328.54,1.381490792,1.203901369
4/21/2021,53808.7,2357.73,1.291251359,1.1473258
4/22/2021,51701.5,2399.98,1.159855261,1.153641491
4/23/2021,51076,2365.17,1.167291936,1.104814637
4/24/2021,50046.4,2211.31,1.049451154,1.08986048
4/25/2021,49059.5,2308.32,1.034751591,1.23523864
4/26/2021,54017.2,2533.96,1.36714369,1.31007173
4/27/2021,55046.7,2655.63,1.40454091,1.334812507
4/28/2021,54894,2751.22,1.359497734,1.307947784
4/29/2021,53583.6,2758.92,1.395908558,1.349472694
4/30/2021,57885.2,2775.48,1.58995276,1.353825114
5/1/2021,57858.2,2948.92,1.649110506,1.327596424
5/2/2021,56625.1,2952.39,1.56237435,1.359719473
5/3/2021,57197.5,3433.99,1.555116621,1.270684626
5/4/2021,53241.9,3240.74,1.386724264,1.478166573
5/5/2021,57515.6,3530,1.613376303,1.654583883
5/6/2021,56444.5,3497.13,1.601945469,1.651709196
5/7/2021,57392.4,3490,1.58119542,1.621702289
5/8/2021,58958,3917.5,1.564734376,1.771904012
5/9/2021,58238.4,3922.36,1.534826878,1.645148461
5/10/2021,55804.8,3949.21,1.39304583,1.765087052
5/11/2021,56755.9,4179.81,1.476512479,1.5551689
5/12/2021,49498.7,3826.64,1.254975042,1.933972815
5/13/2021,49694.4,3727.31,1.358160208,2.006370609
5/14/2021,49961.6,4080.51,1.404998237,2.174779105
5/15/2021,46795.7,3649.36,1.477591948,2.285092195
5/16/2021,46450.7,3585.66,1.450810171,2.031149641
5/17/2021,43580.5,3283.32,1.490671306,2.004947484
5/18/2021,42857.1,3376.88,1.587046311,1.477266158
5/19/2021,36941,2458.54,1.068961135,1.802500845
5/20/2021,40623.2,2775.07,1.17814454,1.546728835
5/21/2021,37340.7,2418.64,1.00839849,1.463567853
5/22/2021,37596.1,2300.01,0.906282356,1.322759281
5/23/2021,34742.5,2114.38,0.792989192,1.547758483
5/24/2021,38878.5,2651.24,0.985673488,1.552752992
5/25/2021,38200,2684.47,0.975190584,1.772649459
5/26/2021,39293.2,2889.84,1.031035615,1.644694047
5/27/2021,38556.8,2743.13,0.970893589,1.511631662
5/28/2021,35670.5,2422.52,0.898054103,1.402885048
5/29/2021,34618.7,2280.53,0.830488577,1.573209891
5/30/2021,35646.4,2388.46,0.906367706,1.738168463
5/31/2021,37271.8,2706.58,1.041416165,1.735764301
6/1/2021,36685,2634.42,1.011055743,1.753498307
6/2/2021,37581.8,2706.32,1.021928443,1.840577622
6/3/2021,39244.9,2856.68,1.044229605,1.711490818
6/4/2021,36952.8,2688.89,0.968892843,1.657853743
6/5/2021,35530.6,2621.04,0.92114432,1.675012979
6/6/2021,35800.4,2710.97,0.941127535,1.565739345
6/7/2021,33583.3,2592.46,0.8594761,1.58099262
6/8/2021,33416.6,2510.26,0.872846636,1.625570638
6/9/2021,37373,2611,0.918463094,1.530314706
6/10/2021,36694,2471.58,0.867697415,1.434514699
6/11/2021,37349.9,2355.27,0.847552382,1.474282572
6/12/2021,35517.3,2372.91,0.83004454,1.558384667
6/13/2021,39015.2,2508.63,0.881063743,1.574334499
6/14/2021,40530.6,2582.69,0.89040861,1.5559272
6/15/2021,40242.3,2549.32,0.866380418,1.484344261
6/16/2021,38351,2368.46,0.830459767,1.482249637
6/17/2021,38094.7,2373.33,0.841219208,1.41329987
6/18/2021,35767.7,2229.57,0.795807538,1.386612573
6/19/2021,35484.7,2164.71,0.759650961,1.425407144
6/20/2021,35631,2239.61,0.774360321,1.177083675
6/21/2021,31608.1,1885.67,0.610580271,1.149566007
6/22/2021,32538.3,1861.77,0.545900905,1.249254494
6/23/2021,33674.2,1968.34,0.637115753,1.357134773
6/24/2021,34654.5,1988.81,0.67063275,1.25655687
6/25/2021,31596.6,1819.55,0.612590038,1.250547097
6/26/2021,32275.1,1829.17,0.615464136,1.336264976
6/27/2021,34709.2,1984.71,0.64691533,1.325492981
6/28/2021,34493.2,2083.79,0.644291394,1.369499142
6/29/2021,35904.2,2166.17,0.70238907,1.381720705
6/30/2021,35069.6,2272.98,0.705643735,1.33410769
7/1/2021,33524.5,2116.1,0.660629382,1.395128566
7/2/2021,33805,2156,0.656240547,1.40481937
7/3/2021,34682.1,2227.01,0.672687417,1.459088454
7/4/2021,35312.8,2323.15,0.695671459,1.40411587
7/5/2021,33764.3,2198.62,0.65358668,1.417721901
7/6/2021,34111.9,2321.84,0.664540029,1.402841186
7/7/2021,33878.5,2312.61,0.651858733,1.33046198
7/8/2021,32854.1,2116.94,0.622637276,1.349680329
7/9/2021,33824.2,2149.96,0.636557475,1.333846454
7/10/2021,33515.3,2110.03,0.6246289,1.34704829
7/11/2021,34259.2,2140.82,0.63561337,1.314063874
7/12/2021,33091.1,2031.96,0.628950536,1.265571991
7/13/2021,32577.5,1932.37,0.619548753,1.263326696
7/14/2021,32816.3,1994.11,0.618963134,1.224955083
7/15/2021,31868.6,1918.07,0.597572467,1.172254249
7/16/2021,31381.1,1876.99,0.589031776,1.172431529
7/17/2021,31576.2,1902.57,0.582273387,1.183791157
7/18/2021,31788.2,1891.46,0.587013867,1.122728531
7/19/2021,30842,1818.45,0.557524903,1.056033508
7/20/2021,29789.9,1786.46,0.528716825,1.167704528
7/21/2021,32135.1,1994.29,0.569895572,1.18406715
7/22/2021,32290.3,2022.89,0.59190436,1.205508218
7/23/2021,33521.4,2125.75,0.608920607,1.231540614
7/24/2021,34252.6,2186.25,0.609342642,1.230380238
7/25/2021,35428.2,2190.73,0.607328491,1.257198483
7/26/2021,37262.7,2228.26,0.624812612,1.278779626
7/27/2021,39488.7,2294.17,0.644929838,1.284573072
7/28/2021,40035.1,2299.27,0.726857931,1.285085879
7/29/2021,40033.5,2380.69,0.74845925,1.30974783
7/30/2021,42137.4,2468.77,0.752048754,1.317780063
7/31/2021,41697.2,2540.12,0.746703266,1.313759368
8/1/2021,39865.4,2569.57,0.724466795,1.309444548
8/2/2021,39149.5,2608.12,0.738879024,1.365100278
8/3/2021,38191.4,2508.31,0.712469989,1.375501677
8/4/2021,39729.5,2725.87,0.730123172,1.386567849
8/5/2021,40888.7,2825.27,0.733257494,1.401885361
8/6/2021,42869.5,2893.32,0.746309891,1.473064679
8/7/2021,44699.6,3168.69,0.815624108,1.425702457
8/8/2021,43765.1,3014.13,0.77906161,1.475843335
8/9/2021,46339.9,3162.34,0.816913596,1.673327513
8/10/2021,45586.5,3141.32,0.851528457,1.795967589
8/11/2021,45553.4,3163.34,1.0101577,1.819759929
8/12/2021,44461.4,3047.21,0.96383086,2.134784558
8/13/2021,47837.4,3324.51,1.090160763,2.191112579
8/14/2021,47113.6,3269.24,1.281827001,2.168509016
8/15/2021,47050.2,3309.56,1.287164188,2.075038826
8/16/2021,45874.7,3149.28,1.18892104,1.922187003
8/17/2021,44671.5,3006.13,1.09708402,2.111215755
8/18/2021,44837.6,3029.84,1.145706284,2.430668963
8/19/2021,46765.8,3184.21,1.234085169,2.457352541
8/20/2021,49296.4,3286.58,1.262860976,2.437106903
8/21/2021,48990.9,3229.79,1.21645157,2.70489985
8/22/2021,49284.6,3244.01,1.224813818,2.917436653
8/23/2021,49506.5,3323.12,1.244265034,2.73155483
8/24/2021,47667.3,3168.32,1.137937081,2.740932801
8/25/2021,48987.3,3228.51,1.172403428,2.529189389
8/26/2021,47071.4,3110.39,1.072532237,2.940857462
8/27/2021,49077.5,3266.6,1.186177085,2.851852241
8/28/2021,48889.9,3242.47,1.145104129,2.853397432
8/29/2021,48919.3,3233.74,1.14022675,2.736089815
8/30/2021,46993.7,3229.01,1.100611267,2.771303989
8/31/2021,47261.2,3444.39,1.186974471,2.871161488
9/1/2021,48839.8,3817.15,1.237338765,2.961405501
9/2/2021,49338.3,3793.16,1.255075141,2.96409986
9/3/2021,50025,3940.06,1.290019871,2.833211426
9/4/2021,49960.7,3887.53,1.254105801,2.912371008
9/5/2021,51751.5,3951.43,1.305002787,2.83434232
9/6/2021,52656.2,3928.89,1.390669669,2.503610075
9/7/2021,46894.5,3436.96,1.12362956,2.47465119
9/8/2021,46073.5,3481.72,1.099102665,2.513861309
9/9/2021,46300,3419.93,1.087434968,2.382035277
9/10/2021,44851.4,3209.82,1.05469121,2.626419378
9/11/2021,45171.8,3266.97,1.077811116,2.583912026
9/12/2021,46016.1,3403.75,1.117846642,2.404232626
9/13/2021,45005.2,3291.77,1.0637382,2.394897177
9/14/2021,47039.2,3421.45,1.095401869,2.493787228
9/15/2021,48130.2,3615.13,1.119048443,2.419203776
9/16/2021,47801.5,3568.62,1.08968065,2.347343187
9/17/2021,47235,3397.24,1.064756193,2.372000943
9/18/2021,48213.7,3429.25,1.075305806,2.280970389
9/19/2021,47255.9,3323,1.047125952,2.074227602
9/20/2021,43012.9,2977.31,0.91869142,1.979788592
9/21/2021,40683,2759.55,0.872420319,2.256902504
9/22/2021,43575.1,3078.72,1.002341382,2.33112962
9/23/2021,44879.6,3153.49,1.001024254,2.278968044
9/24/2021,42840.7,2930.61,0.944597364,2.303019299
9/25/2021,42705.5,2924.53,0.940793164,2.205535374
9/26/2021,43228.5,3064.64,0.943255979,2.13225979
9/27/2021,42171.7,2927.15,0.921199368,2.037469641
9/28/2021,41049,2807.19,0.893378596,2.06512475
9/29/2021,41522.1,2848.28,0.92673683,2.112860506
9/30/2021,43824.4,3000.45,0.95195199,2.256172272
10/1/2021,48159.5,3306.19,1.041932448,2.247741239
10/2/2021,47662.4,3387.63,1.03650587,2.253958012
10/3/2021,48174.3,3419.25,1.05528737,2.195359653
10/4/2021,49178.3,3384.51,1.044252823,2.232940492
10/5/2021,51487.9,3515.3,1.083516274,2.210512759
10/6/2021,55344.5,3575.85,1.076563155,2.276534468
10/7/2021,53775,3588.51,1.066871748,2.234730803
10/8/2021,53963.8,3563.84,1.061077738,2.264443296
10/9/2021,55074.1,3575.83,1.160005722,2.193206351
10/10/2021,54690.5,3415.51,1.136152439,2.173920809
10/11/2021,57487.4,3542.37,1.137436484,2.112021509
10/12/2021,56007.4,3490.61,1.098213099,2.186609317
10/13/2021,57376.6,3597.42,1.127361938,2.159923322
10/14/2021,57359.5,3791.85,1.126755342,2.220144076
10/15/2021,61691.2,3868.44,1.141798953,2.17863661
10/16/2021,60883.8,3832.25,1.134369214,2.155824302
10/17/2021,61571.8,3847.18,1.092346688,2.131044426
10/18/2021,61986.7,3742.11,1.08249142,2.111695777
10/19/2021,64300,3876.6,1.091279498,2.188871372
10/20/2021,66017.7,4160.43,1.138982438,2.137442643
10/21/2021,62210.8,4053.9,1.090222048,2.156309175
10/22/2021,60687.6,3972.3,1.088594391,2.166707376
10/23/2021,61284.9,4165.6,1.093285963,2.119731423
10/24/2021,60838.8,4082.64,1.08244972,2.14723232
10/25/2021,62996.6,4216.2,1.095724984,2.139468953
10/26/2021,60437.1,4131.47,1.108687716,1.913791114
10/27/2021,58455.4,3925.44,0.995863625,1.990258413
10/28/2021,60608.1,4288.26,1.057222657,2.013008561
10/29/2021,62258,4415.04,1.081432552,1.955579271
10/30/2021,61892.4,4325.43,1.084081877,1.965096696
10/31/2021,61343.6,4292.06,1.113814459,1.950196345
11/1/2021,60949.5,4322.64,1.093388939,1.972173393
11/2/2021,63152.2,4593.85,1.137766783,2.063660836
11/3/2021,62998.9,4608.82,1.207747825,1.983427217
11/4/2021,61411.4,4537.78,1.200118751,1.981658428
11/5/2021,61073.1,4486.03,1.159956459,2.005779904
11/6/2021,61539.3,4516.16,1.152257831,2.020427617
11/7/2021,63272.2,4616.89,1.216725451,2.130279432
11/8/2021,67582.6,4818.97,1.286267581,2.274850877
11/9/2021,66938,4731.59,1.2601957,2.100602715
11/10/2021,64976.6,4632.22,1.192703058,2.100602715
